PV,Wind,Li-ion storage,Electrolyzer,CLIMATE_MODEL,BY_year,year
205.1338562285584,863.3980340090943,243.79052368400644,535.1916034566781,ACCESS-CM2|used,2014,2050
232.5694849310401,734.8072202145771,553.5172203740261,466.28641481866214,ACCESS-CM2|used,2014,2050
304.949974200345,689.434788348504,250.02379994943746,360.79134434551105,ACCESS-CM2|used,2014,2050
289.09573010425146,784.1834645627814,300.0283249974458,288.4491895036086,ACCESS-CM2|used,2014,2050
282.6688543744898,929.950542747841,316.42568530286616,395.0833095382565,ACCESS-CM2|used,2014,2050
298.9477218752833,1160.412532138603,214.4584302961671,367.25392937558405,ACCESS-CM2|used,2014,2050
252.72515990303827,787.247900794419,448.91149541074094,372.7933316683224,ACCESS-CM2|used,2014,2050
239.52219776220952,630.2530206712948,294.42596463456175,413.98676091233807,ACCESS-CM2|used,2014,2050
186.42022826849256,873.0082943572203,250.423349328443,308.8067058375204,ACCESS-CM2|used,2014,2050
230.27652404032693,552.2876406245317,258.61100767552534,341.6538725594179,ACCESS-CM2|used,2014,2050
216.7381522189409,1185.655617185232,248.8636717882131,359.1728776473363,ACCESS-CM2|used,2014,2050
287.3260243526247,1016.2313947745046,673.3928793299646,412.98718006919506,ACCESS-CM2|used,2015,2051
397.9794852594887,1149.970725022298,307.8150147879812,287.67973248699946,ACCESS-CM2|used,2015,2051
284.8130959335988,843.3719876617747,308.5082551845865,280.5507994580076,ACCESS-CM2|used,2015,2051
269.10517027968893,1104.6607640572606,246.63962576887127,408.3717444222065,ACCESS-CM2|used,2015,2051
291.76067047088276,1156.726814570588,262.5444745090392,305.19656484128694,ACCESS-CM2|used,2015,2051
326.4406590276537,829.7727717241565,144.53013851202525,284.96848033514505,ACCESS-CM2|used,2015,2051
313.8084607326146,883.1972492946487,663.850640863128,413.62917622914716,ACCESS-CM2|used,2015,2051
289.85711109124003,954.5779293036422,138.69701416672865,354.7221478727928,ACCESS-CM2|used,2015,2051
365.54269047184147,963.873982845172,129.6204589348596,370.9578425018385,ACCESS-CM2|used,2015,2051
355.1487780434735,731.9306302905416,343.6774092706421,359.8593259240355,ACCESS-CM2|used,2015,2051
255.48569906280554,1042.8112201080312,302.5031354779268,383.0329795278122,ACCESS-CM2|used,2015,2051
334.391294887309,1036.5936833341564,214.27553655678213,455.82376044686725,ACCESS-CM2|used,2015,2051
233.9046219802246,820.760170178553,556.2402514258454,294.8327688223095,ACCESS-CM2|used,2016,2052
182.62145905764527,1079.9806566751818,439.7668385869449,432.90751307064875,ACCESS-CM2|used,2016,2052
271.3087142443274,949.5087322672805,194.50908567892148,357.6796661721927,ACCESS-CM2|used,2016,2052
284.92294461202493,1027.3933477110675,461.84555968298866,340.2139432962838,ACCESS-CM2|used,2016,2052
243.25544686631787,758.0691539084294,146.48086023835643,399.24280011085995,ACCESS-CM2|used,2016,2052
290.5624221012216,866.6432504474678,362.14704902647037,377.3238994990373,ACCESS-CM2|used,2016,2052
270.81630619584865,770.0530877282324,407.9863616300395,337.3973858170016,ACCESS-CM2|used,2016,2052
281.1557380391403,1343.6881203768532,254.3127840437388,268.1346362912552,ACCESS-CM2|used,2016,2052
251.5497198341551,845.7709798960601,258.9683202140198,291.6167133541877,ACCESS-CM2|used,2016,2052
247.9593179643885,737.0563304654377,693.058324192868,343.8387909466913,ACCESS-CM2|used,2016,2052
203.31977350419288,836.8736171686262,164.35812318123962,324.97829356494486,ACCESS-CM2|used,2017,2053
290.39892656818654,923.2977052618945,216.96367971494752,440.61817805867025,ACCESS-CM2|used,2017,2053
235.8618103036795,686.0965636221098,707.2817588539409,393.34776920146845,ACCESS-CM2|used,2017,2053
308.35851218906953,1307.3328049779047,515.4112961159836,394.14977705827056,ACCESS-CM2|used,2017,2053
232.03849226076952,971.717064997347,485.4984520431155,288.9388046873547,ACCESS-CM2|used,2017,2053
335.394758825617,759.3760829147101,448.531661651868,377.82292448751525,ACCESS-CM2|used,2017,2053
288.2582061279511,870.0864726089948,136.06853060386004,422.801169090909,ACCESS-CM2|used,2017,2053
262.96863493982477,872.8920534539722,393.6141039380523,416.0878525875325,ACCESS-CM2|used,2017,2053
391.484638853713,970.7405877599537,598.960136622304,278.24047417420087,ACCESS-CM2|used,2017,2053
263.7718550645377,987.5666926851105,602.4465252579276,458.7715161663242,ACCESS-CM2|used,2018,2054
302.4025761908168,1141.7041755169794,288.77462928170615,307.3726520333982,ACCESS-CM2|used,2018,2054
279.5569442004625,843.2153396829257,335.8963220401037,355.4733713865343,ACCESS-CM2|used,2018,2054
252.4287537003628,960.4337275056882,538.0249548179651,424.2706250958324,ACCESS-CM2|used,2018,2054
273.33895108930363,948.8739651865445,200.5815173786259,303.18146355629074,ACCESS-CM2|used,2018,2054
421.3760825995523,947.478326339401,498.1420301091373,415.3039445343944,ACCESS-CM2|used,2018,2054
317.0549461619159,1191.6277189256289,279.4145071053592,327.8840220699683,ACCESS-CM2|used,2019,2055
319.88856262853847,1237.0088792940062,454.85848053150323,384.5152408214697,ACCESS-CM2|used,2019,2055
271.9827093607125,1106.7576199972418,244.38535010191183,358.878397341107,ACCESS-CM2|used,2019,2055
339.70670935396583,1044.463637023507,176.06850257021893,247.70153869334942,ACCESS-CM2|used,2019,2055
223.86637576469693,618.1143569433951,289.23197607306906,280.20037408961525,ACCESS-CM2|used,2019,2055
250.828910584566,936.9616594373742,296.85001830488005,328.66106873620447,ACCESS-CM2|used,2020,2056
282.15071812394405,843.9899155682876,281.9691485184406,370.23558258146176,ACCESS-CM2|used,2020,2056
236.75119284620965,698.2415336473877,315.7180154509548,310.342084691161,ACCESS-CM2|used,2020,2056
428.35994862047545,1349.9554361218993,261.11287155320247,319.33240565296006,ACCESS-CM2|used,2020,2056
359.1555968033189,1106.177344379851,247.0970606965404,386.1092157723436,ACCESS-CM2|used,2020,2056
312.31403073413554,948.3280794816482,261.68592051742576,327.389136683867,ACCESS-CM2|used,2020,2056
302.18728016525074,740.6238257830606,267.02535945930606,317.86506527009425,ACCESS-CM2|used,2020,2056
282.2895412042554,751.1027178139218,157.97275900892578,414.692758735255,ACCESS-CM2|used,2020,2056
258.2839774737232,791.645270440346,465.3957676321634,414.20491890256534,ACCESS-CM2|used,2020,2056
314.5643538386475,1287.9241815295798,360.8847381566377,437.0481368430924,ACCESS-CM2|used,2020,2056
334.16044400180033,819.8555831361839,212.14433653444937,263.49773951627185,ACCESS-CM2|used,2020,2056
350.88921190460286,910.4271033248741,169.59122814540066,296.4597011292749,ACCESS-CM2|used,2020,2056
241.81548173684024,821.6636452214605,213.28651227940037,218.12226395438296,ACCESS-CM2|used,2021,2057
197.54400524116446,622.3569681698082,293.23684077306075,378.6814481585362,ACCESS-CM2|used,2021,2057
248.70862318024177,963.0489449891936,157.48638154797098,259.58940700799474,ACCESS-CM2|used,2021,2057
264.85137404823075,830.8985715320333,401.5044958431662,333.2182109584403,ACCESS-CM2|used,2021,2057
320.24361943017243,719.3895653151111,145.4644658905898,376.72759380162404,ACCESS-CM2|used,2021,2057
259.8064039056569,827.0627231056812,318.50576863108324,325.776412935776,ACCESS-CM2|used,2021,2057
243.02402644676422,1244.718837959809,240.73677232819463,318.79421439604704,ACCESS-CM2|used,2021,2057
267.8122615526736,763.5018834621137,191.09501348114009,371.4498196572686,ACCESS-CM2|used,2022,2058
307.92495511534264,918.9573721830918,372.37811565777224,316.4269475570855,ACCESS-CM2|used,2022,2058
349.4106740005432,1088.8354286464767,214.67760315661593,240.24249661737497,ACCESS-CM2|used,2022,2058
192.35967213153648,856.4127925182212,358.5099679090656,339.2623135320677,ACCESS-CM2|used,2022,2058
344.4702400403117,934.2322170538432,273.23152794708153,461.7450566561401,ACCESS-CM2|used,2022,2058
271.1741251270865,803.1562324326223,398.0230614275748,321.1480448020279,ACCESS-CM2|used,2022,2058
213.8636250699606,921.0279219732902,347.8221247475153,418.5392417405862,ACCESS-CM2|used,2023,2059
222.30129866477694,915.6243197424059,250.18163137236368,356.4766504667417,ACCESS-CM2|used,2023,2059
218.431418339822,891.7149897010268,185.51008653469748,309.06342112603147,ACCESS-CM2|used,2023,2059
219.66110419401977,917.7551131078661,382.2612165899888,361.18144402876254,ACCESS-CM2|used,2023,2059
291.8952019783518,1162.3913257404045,176.53698575443798,376.3206012540211,ACCESS-CM2|used,2023,2059
237.19918849764787,1067.967677935704,331.8278610357798,397.95543550772754,ACCESS-CM2|used,2023,2059
177.3654693883782,986.2128598961717,413.86711028436946,295.00959750467206,ACCESS-CM2|used,2023,2059
259.6319488674931,832.1231942849923,235.812224823445,306.26076828591084,ACCESS-CM2|used,2023,2059
335.6383110337241,1171.5603860725676,219.6332040356643,467.6300617230527,ACCESS-CM2|used,2023,2059
365.2247732887588,919.6216818492545,264.96719523220514,425.8717312591768,ACCESS-CM2|used,2023,2059
319.2258657401261,616.0389964645842,261.35282988179205,280.000277101348,ACCESS-CM2|used,2023,2059
243.5036151685294,851.0514183423671,246.06061668654237,509.04556115332184,ACCESS-CM2|used4,2014,2050
198.70414586629923,873.3719870001073,188.71685229829768,272.66134607473606,ACCESS-CM2|used4,2014,2050
316.54268228967163,849.955072727586,298.2461728125821,350.3968539637967,ACCESS-CM2|used4,2014,2050
368.296215851113,778.6695771829246,256.895370419634,281.0197822829563,ACCESS-CM2|used4,2014,2050
320.95543500369587,844.8374450448476,226.79983674891199,262.16170718008806,ACCESS-CM2|used4,2015,2051
210.8395315022022,835.8752707393538,197.38983515826746,371.6726397562738,ACCESS-CM2|used4,2015,2051
382.54934777619593,932.0645467435993,492.26435257807066,322.96471606895085,ACCESS-CM2|used4,2015,2051
274.65502755415883,850.5280956228288,300.91726733209384,549.4246003807301,ACCESS-CM2|used4,2015,2051
179.247649803222,814.6651181424667,287.10263906195877,392.7177275227071,ACCESS-CM2|used4,2015,2051
331.64804723449384,777.8727668950627,328.2098658982979,213.57692230654476,ACCESS-CM2|used4,2015,2051
255.77817603586837,886.7181041714613,523.0951465839553,424.7302196882495,ACCESS-CM2|used4,2015,2051
250.736307490681,1054.8035285376693,467.91773233792634,299.1031230756631,ACCESS-CM2|used4,2016,2052
240.53681788782112,995.1742780672614,346.58772397481425,255.7644204276199,ACCESS-CM2|used4,2016,2052
211.28845050773694,1078.2797190832941,277.18144932410087,292.12529467283525,ACCESS-CM2|used4,2016,2052
291.1547807646025,875.7109231173237,235.43609036126185,357.1345200123759,ACCESS-CM2|used4,2016,2052
317.87879814329096,871.7493576151847,179.3724987396055,269.6459646924958,ACCESS-CM2|used4,2016,2052
321.4662167045532,1012.2733333586157,196.84197315462137,279.5640068268957,ACCESS-CM2|used4,2016,2052
244.6248672831944,785.5981685845528,363.61723219683415,258.7497026914032,ACCESS-CM2|used4,2016,2052
225.96882045502235,604.1768773752125,337.09108309192044,357.1021524789419,ACCESS-CM2|used4,2017,2053
339.95397289798,937.2705911247165,592.9515833489966,303.4300336110725,ACCESS-CM2|used4,2017,2053
267.11455993906094,1158.848869641072,381.1599903337361,388.65397309098785,ACCESS-CM2|used4,2017,2053
335.15398152324843,1026.2759449721211,247.94254412813137,380.3219103177031,ACCESS-CM2|used4,2017,2053
299.75415284180474,940.8723303276796,377.8891379997319,196.2516276818978,ACCESS-CM2|used4,2017,2053
355.8129006373528,880.1199955909973,464.89167134709095,423.15508717809064,ACCESS-CM2|used4,2017,2053
295.1706073931339,1295.9109054291544,306.6684670584303,384.6392121829211,ACCESS-CM2|used4,2018,2054
340.9157518106219,999.3493164361727,168.37990703110393,270.2188561603203,ACCESS-CM2|used4,2018,2054
258.8158871327572,674.9095101024604,208.77856516460713,249.00737177362194,ACCESS-CM2|used4,2018,2054
246.91117718815195,986.4961027505498,201.15409688467597,319.9007028940296,ACCESS-CM2|used4,2018,2054
250.4786288837056,717.6263360379955,216.22523499843922,331.55901981059685,ACCESS-CM2|used4,2018,2054
313.59106968231174,926.2514681268124,230.619860868255,315.64739963968844,ACCESS-CM2|used4,2019,2055
235.10589423611393,912.006864809477,112.47892400701039,367.40185548904856,ACCESS-CM2|used4,2019,2055
371.84188853723407,935.8111166789719,492.65200946726867,328.0575655485158,ACCESS-CM2|used4,2019,2055
288.9424332276016,1010.6542180652373,342.90545230988994,315.25535356863156,ACCESS-CM2|used4,2019,2055
464.38173966324985,761.7595036193972,271.81297535927325,244.91261061873593,ACCESS-CM2|used4,2019,2055
255.32191331141627,767.9161402781853,270.85880775151696,349.70722523877356,ACCESS-CM2|used4,2019,2055
325.69456893822604,846.1250945062463,298.79088430838164,544.4109910744913,ACCESS-CM2|used4,2019,2055
348.22524696818454,956.1054854813351,356.6220044014408,412.23905489017324,ACCESS-CM2|used4,2019,2055
228.94576272425977,1051.1246992974236,411.4222663119512,328.27483966296893,ACCESS-CM2|used4,2020,2056
225.4307755830388,917.3956050292278,292.2170795670942,438.9966364954723,ACCESS-CM2|used4,2020,2056
264.17844471205046,987.8628996617366,585.6549686835542,369.5791150598885,ACCESS-CM2|used4,2020,2056
258.96022774924404,963.5288973617664,516.7964119153785,319.5442558579572,ACCESS-CM2|used4,2020,2056
278.2400764112753,881.6635511018259,142.71627706272557,361.43220432461726,ACCESS-CM2|used4,2020,2056
276.36503256126247,905.9769532809255,884.2847317144267,321.95198588080484,ACCESS-CM2|used4,2021,2057
278.5832409967655,1055.9195158547793,357.79479198958217,265.2251606807305,ACCESS-CM2|used4,2021,2057
227.50754916562326,959.339071151236,191.9128296053243,396.70666609977604,ACCESS-CM2|used4,2021,2057
256.73175262992635,673.639364697164,245.10992857590003,444.73786373275544,ACCESS-CM2|used4,2021,2057
247.43835262164504,1484.8121227426836,128.9624120675536,409.85892189265576,ACCESS-CM2|used4,2021,2057
236.4724342238367,914.0410320263675,263.3811652190976,371.58429388424435,ACCESS-CM2|used4,2021,2057
216.17867459063353,828.1121880129969,134.67752753882908,409.5471889169456,ACCESS-CM2|used4,2021,2057
224.99019205804277,989.6698605228567,291.0224811096892,308.7790744658698,ACCESS-CM2|used4,2021,2057
307.61087404415434,1011.6296621284049,1028.7063354400498,459.2478475182172,ACCESS-CM2|used4,2021,2057
187.99403080517325,906.5158498820364,285.2296741184492,369.8063097010156,ACCESS-CM2|used4,2022,2058
277.4718975385257,762.2303018342525,365.96182063172574,421.9989957024051,ACCESS-CM2|used4,2022,2058
223.6955911282817,952.315468970393,388.55336223750777,320.7011080340417,ACCESS-CM2|used4,2023,2059
324.0077305659854,931.6559394944954,386.9238108084001,418.98009832849516,ACCESS-CM2|used4,2023,2059
303.0574943638819,1189.4681619656478,186.12551530774437,342.23861151412257,ACCESS-CM2|used4,2023,2059
325.8516041991809,867.121954850694,304.4886370167568,404.68588469870144,ACCESS-CM2|used4,2023,2059
247.48830189845592,851.7675519100538,378.6641968017943,415.68382870997465,ACCESS-CM2|used4,2023,2059
248.54435855159966,627.6552596525162,186.77698811682325,306.48638155798596,ACCESS-CM2|used4,2023,2059
315.90386461611627,824.0224967265639,317.81956291859575,401.58861993652096,ACCESS-CM2|used4,2023,2059
250.05387181906016,776.8334826760821,337.685003739206,333.0704247450693,ACCESS-CM2|used4,2023,2059
302.44295744505274,921.9885789330889,232.27273441102173,293.62244353423205,ACCESS-CM2|used5,2014,2050
282.92508234915675,772.8969837831106,620.847506491795,246.96776579752228,ACCESS-CM2|used5,2014,2050
340.29770687220264,967.5126450690095,472.3245442567344,352.3951897015875,ACCESS-CM2|used5,2014,2050
281.72445190073876,938.7387177855414,301.0249694691316,448.5337852383766,ACCESS-CM2|used5,2014,2050
264.68255833437865,1289.4116471028826,190.82657765002352,451.5271260363478,ACCESS-CM2|used5,2014,2050
344.17529361826615,864.6282089451448,117.80607830816906,383.5561434296514,ACCESS-CM2|used5,2014,2050
245.53018684226333,961.2835422987107,241.27414626496517,346.4989753199203,ACCESS-CM2|used5,2014,2050
220.41407132857412,893.6584603746292,423.50644875661675,359.4992314800558,ACCESS-CM2|used5,2014,2050
239.0684727630169,852.6977206942588,468.97586300539905,265.4022009550101,ACCESS-CM2|used5,2014,2050
240.8149079821338,924.6346428575667,281.3789490680224,300.4528739613711,ACCESS-CM2|used5,2014,2050
306.4092237930355,1005.905207350622,212.52056079468474,318.9958521765174,ACCESS-CM2|used5,2014,2050
236.33527714640846,883.66280315147,205.73758348657083,340.47477995622944,ACCESS-CM2|used5,2014,2050
268.13029702817363,796.7175066481896,396.2369710555107,341.09959971988644,ACCESS-CM2|used5,2014,2050
260.3066317133714,835.350355665698,311.4572082440458,380.8520566603008,ACCESS-CM2|used5,2014,2050
286.10978100079444,811.4341067928221,532.9159010095342,368.0153530238474,ACCESS-CM2|used5,2014,2050
288.10969939668854,1047.7070684532687,317.1357223288428,303.7997088192602,ACCESS-CM2|used5,2015,2051
309.1369383074429,978.4608058462584,344.0181033047378,366.4384920795163,ACCESS-CM2|used5,2015,2051
277.3536605346021,888.7614696649255,269.10014400422114,300.7410748170681,ACCESS-CM2|used5,2015,2051
272.78120960576933,765.118530444062,480.0234140940875,291.53346700758254,ACCESS-CM2|used5,2015,2051
406.41772005569766,744.823607575317,217.73678339934844,383.82166259375003,ACCESS-CM2|used5,2015,2051
318.2786021216849,1081.7636795406759,190.30059810394098,420.41846476062904,ACCESS-CM2|used5,2016,2052
275.7745496105559,879.7198982687329,213.55904512232507,429.79039381196196,ACCESS-CM2|used5,2016,2052
268.46950759787086,1173.4415947706316,356.15770272378103,326.3824204950656,ACCESS-CM2|used5,2016,2052
295.55899531689715,859.0252367340645,276.1362295126535,425.32563483466873,ACCESS-CM2|used5,2016,2052
349.79837549133794,860.9921369148824,199.80552473348632,376.2382476283364,ACCESS-CM2|used5,2016,2052
297.7922337212436,767.322026813998,170.66059769029562,331.8539579419316,ACCESS-CM2|used5,2016,2052
269.6552476471267,966.5788101493664,274.95462985132303,374.12897193994263,ACCESS-CM2|used5,2016,2052
207.58090558635394,976.9054202839387,389.60303458706267,485.8781076342092,ACCESS-CM2|used5,2016,2052
171.0412755732846,923.0639935293315,509.18205348424823,375.8677130143644,ACCESS-CM2|used5,2016,2052
245.13858073061917,1095.0389942638774,477.0142729806486,391.7137899656006,ACCESS-CM2|used5,2016,2052
309.4794761939671,869.3880136708353,208.3500252179083,358.50308593361524,ACCESS-CM2|used5,2017,2053
277.572105801998,667.6898957816044,167.96012560477234,463.80723108775067,ACCESS-CM2|used5,2017,2053
282.5092923574477,1007.5672138906817,188.3385836034446,359.4466297384271,ACCESS-CM2|used5,2017,2053
307.6738651837226,836.4795095675275,204.80432754667567,291.04921185679353,ACCESS-CM2|used5,2017,2053
269.364741237622,965.4698079505607,194.3644499401762,272.58698542329665,ACCESS-CM2|used5,2018,2054
336.1818176596471,942.509409312212,366.7755973192324,378.2126867849538,ACCESS-CM2|used5,2018,2054
242.8456650360063,905.0934083266161,288.2578429781505,367.5475509441659,ACCESS-CM2|used5,2018,2054
296.0641787835901,1032.4399162330599,433.6576221832742,250.81877094593835,ACCESS-CM2|used5,2018,2054
323.6399434148057,726.9191401975194,478.50313035588294,303.7617577831924,ACCESS-CM2|used5,2018,2054
299.08279649567874,1075.6158446064712,189.0653389383508,312.5941737639672,ACCESS-CM2|used5,2018,2054
255.2650682531009,1080.835972790217,420.93199247790636,456.73197589051495,ACCESS-CM2|used5,2018,2054
317.1768552047523,788.4072446162645,473.6344275778372,331.1905298135176,ACCESS-CM2|used5,2019,2055
244.5631256203609,899.1305205645631,313.041161427029,359.08202808553455,ACCESS-CM2|used5,2019,2055
339.32062261264866,994.5808055433764,128.4913140524163,366.61619133214316,ACCESS-CM2|used5,2019,2055
364.74416995594385,827.3208445750703,354.01576544898904,476.33708806553693,ACCESS-CM2|used5,2019,2055
270.1033811502978,882.2116223016902,291.8109601671962,411.3705237704877,ACCESS-CM2|used5,2019,2055
269.8182962715296,823.0462923490704,255.78158240204198,314.19861538367917,ACCESS-CM2|used5,2019,2055
290.0727148285539,805.3847713069805,283.12637792478006,401.31294682661513,ACCESS-CM2|used5,2019,2055
343.63566449964276,773.0968481693692,436.51344066756843,302.22293263281193,ACCESS-CM2|used5,2019,2055
267.1781610582455,927.1497825444475,269.4503493755303,331.06947515143213,ACCESS-CM2|used5,2020,2056
270.9510819272174,822.0246935645553,294.73367720502387,294.08135923222034,ACCESS-CM2|used5,2020,2056
258.0372064413086,1126.292812836291,440.6477756294643,372.68224053425473,ACCESS-CM2|used5,2020,2056
354.6732152262567,795.6379338250389,229.22062481611246,318.4933925176467,ACCESS-CM2|used5,2020,2056
270.80587238402927,900.9629995735526,266.4371444791245,427.2834403957409,ACCESS-CM2|used5,2020,2056
232.34117229493376,714.1645169926959,387.8767196302788,324.3284940132171,ACCESS-CM2|used5,2020,2056
348.76565619905324,1013.44687793219,119.60925978467625,296.0112547967658,ACCESS-CM2|used5,2021,2057
291.3318498588439,1017.3934603846724,247.69923232132496,619.36309084404,ACCESS-CM2|used5,2021,2057
269.2013132708247,1400.124977184982,344.91134954280875,297.77033040415597,ACCESS-CM2|used5,2021,2057
249.66893775423125,884.513745145383,348.9587382190624,252.2722182604714,ACCESS-CM2|used5,2021,2057
302.9818367993277,1034.0176700448421,145.5548115870336,228.43887949517057,ACCESS-CM2|used5,2021,2057
392.98256385826875,978.8716877507399,141.09164663573023,481.32369768168263,ACCESS-CM2|used5,2021,2057
379.41308398430704,868.0753845556646,159.4281155967763,336.9036462676582,ACCESS-CM2|used5,2021,2057
217.1983748351533,1089.0853632016876,408.7272532568429,325.9424873876349,ACCESS-CM2|used5,2021,2057
280.29799387343763,764.1044317155921,266.1334369987102,276.42720148048693,ACCESS-CM2|used5,2021,2057
271.85499378893394,1182.5401737276484,204.13609367752522,332.8032249320288,ACCESS-CM2|used5,2021,2057
272.0954122457435,997.6658350517449,284.05339360118455,245.6121356976217,ACCESS-CM2|used5,2022,2058
253.94925036117908,1231.0694514795082,239.7355551207291,353.76212319877123,ACCESS-CM2|used5,2022,2058
308.946567480186,792.4097472116921,434.99520864187195,441.87322170922357,ACCESS-CM2|used5,2022,2058
200.73399559955297,1009.4944770207796,326.7727847771913,355.73778918404105,ACCESS-CM2|used5,2022,2058
258.6267520268083,1062.3532451106091,215.96909154175623,378.9875177127419,ACCESS-CM2|used5,2022,2058
302.0169120871616,817.3779871458213,284.2159522765462,353.50553733836017,ACCESS-CM2|used5,2022,2058
361.87909210263473,945.2413180812528,170.22271360509674,389.29695382279834,ACCESS-CM2|used5,2023,2059
309.24838205016516,848.4715935249309,261.9221007140381,401.0748739029191,ACCESS-CM2|used5,2023,2059
306.00188278184004,906.3837693971949,435.1121210274789,435.186149666387,ACCESS-CM2|used5,2023,2059
281.9526129026914,935.1276087958556,209.83937080531425,351.9453486091918,ACCESS-CM2|used5,2023,2059
299.8971630214845,595.3998830217698,303.0465052154661,271.3697002064955,ACCESS-CM2|used5,2023,2059
261.4668863576487,955.7716934086702,437.2745331433022,290.470515256122,ACCESS-CM2|used5,2023,2059
297.40289058314625,1052.2671058350847,273.6064511765499,311.0271846487418,ACCESS-CM2|used5,2023,2059
330.7240538063466,804.1333637429518,587.8630680299535,299.5537742368748,ACCESS-CM2|used5,2023,2059
230.09712246577246,944.4805668486505,253.41636184472202,407.29827040523105,AWI-CM-1-1-MR|used,2014,2050
296.6107268739862,690.9839789081341,243.96667832932934,416.8700915063895,AWI-CM-1-1-MR|used,2014,2050
280.0049261389457,758.9043592433201,168.74806135026648,445.83977923766975,AWI-CM-1-1-MR|used,2014,2050
266.5561527772666,842.138727123173,327.7041024346745,311.83325746757146,AWI-CM-1-1-MR|used,2014,2050
358.1408915485687,768.7862708888391,256.17926423566905,520.4682312442295,AWI-CM-1-1-MR|used,2014,2050
212.67510713389507,904.256267526627,272.40413984511065,294.43088444363207,AWI-CM-1-1-MR|used,2014,2050
279.7153606062615,1038.811848392187,159.87791428283367,415.12955597267927,AWI-CM-1-1-MR|used,2014,2050
287.51615550038855,715.5849217911754,270.15578099154584,283.7805186216218,AWI-CM-1-1-MR|used,2014,2050
224.75095997500125,794.3173649389687,240.18090063059063,321.44450360498655,AWI-CM-1-1-MR|used,2014,2050
273.49664637451446,1134.232787130606,360.621686202428,334.1439423389215,AWI-CM-1-1-MR|used,2015,2051
236.03538668707503,723.7695257245653,142.07706481261022,385.2186104000467,AWI-CM-1-1-MR|used,2015,2051
282.03668882044775,651.7563893662788,500.93904558834964,387.7937429206444,AWI-CM-1-1-MR|used,2015,2051
265.81069643653495,911.2797275176351,237.58527723126838,373.0351263827188,AWI-CM-1-1-MR|used,2015,2051
338.3546629572827,1042.4872744635672,615.8459131284359,314.3326183344961,AWI-CM-1-1-MR|used,2015,2051
286.32087213021964,968.6975011214244,280.85045514147095,441.2208793066442,AWI-CM-1-1-MR|used,2015,2051
289.2093600549568,969.5368737150078,376.1805565555104,409.079286273809,AWI-CM-1-1-MR|used,2015,2051
332.9682032711564,964.5043236001193,416.34114633102746,296.83328268456836,AWI-CM-1-1-MR|used,2015,2051
269.5394804237155,1116.116703060176,390.57527816712906,339.89994463779993,AWI-CM-1-1-MR|used,2015,2051
296.01588569881966,1032.7104758001103,403.1224065959699,338.15996125551277,AWI-CM-1-1-MR|used,2016,2052
265.9737157440234,900.419806192746,249.38194714257892,393.46573952138243,AWI-CM-1-1-MR|used,2017,2053
236.2306126246598,908.4141136558231,470.59705372763983,331.98504247363957,AWI-CM-1-1-MR|used,2017,2053
346.05340347622405,896.4624451321246,291.27892000755145,405.16837710526903,AWI-CM-1-1-MR|used,2017,2053
328.7749520028653,791.3681051072281,339.22491700210355,479.66639260910944,AWI-CM-1-1-MR|used,2017,2053
311.3324131819588,749.3076920795621,321.43046734653365,347.629756819339,AWI-CM-1-1-MR|used,2017,2053
164.4974352651352,760.258859039192,658.1522794081426,526.0007821763419,AWI-CM-1-1-MR|used,2017,2053
189.2386847106335,1336.8980009847558,491.14455670092303,416.695669067808,AWI-CM-1-1-MR|used,2017,2053
264.57459692878246,1085.1104173425997,353.2613151074616,380.70938634523554,AWI-CM-1-1-MR|used,2018,2054
260.0502301941148,762.5053978225151,540.3519578970054,478.91116975971926,AWI-CM-1-1-MR|used,2019,2055
259.4808960312763,931.3604502250213,333.8961300146611,307.7618867614866,AWI-CM-1-1-MR|used,2019,2055
233.09571716309472,644.7367702152281,461.04664802694094,421.3340353004061,AWI-CM-1-1-MR|used,2019,2055
238.48686057863438,1049.339606948152,275.5371421479822,288.7567975247489,AWI-CM-1-1-MR|used,2019,2055
314.4862305299504,619.1678804802874,278.9825546992601,352.68549665923985,AWI-CM-1-1-MR|used,2019,2055
261.5100332972209,913.8039459099559,277.61461286776125,334.3103411224118,AWI-CM-1-1-MR|used,2019,2055
279.1460368560164,1098.441812685003,260.7364765610861,526.5628415139944,AWI-CM-1-1-MR|used,2020,2056
299.5415976021229,1199.5212788703368,338.41069823196324,367.09955353946157,AWI-CM-1-1-MR|used,2020,2056
366.1855558334023,567.4261073746658,157.36734705625844,334.8778517161548,AWI-CM-1-1-MR|used,2020,2056
351.2020195668165,864.9170484296543,482.9913975482687,329.51903166554945,AWI-CM-1-1-MR|used,2020,2056
257.54712500570963,743.2855402298833,297.6973037061638,399.6850756151961,AWI-CM-1-1-MR|used,2020,2056
334.58410810271454,1007.2012770827794,227.01297833591778,364.8855846701104,AWI-CM-1-1-MR|used,2020,2056
360.3948802518832,925.5301501473821,478.3565593707494,318.3497233872102,AWI-CM-1-1-MR|used,2020,2056
283.30119000734453,848.8385730789051,431.8661900762175,313.9009038312224,AWI-CM-1-1-MR|used,2020,2056
377.57417868616176,854.5721303277728,196.41207568192596,322.1247264783541,AWI-CM-1-1-MR|used,2021,2057
303.8080423358712,863.1170940139815,415.2840352082631,292.0010447356927,AWI-CM-1-1-MR|used,2021,2057
316.88571201496427,654.2154229742612,232.1300967241723,320.49186213379073,AWI-CM-1-1-MR|used,2021,2057
213.1598866880789,962.1329849296455,238.01167140544348,394.00661577733575,AWI-CM-1-1-MR|used,2021,2057
401.39731095548467,645.033810442402,241.5711677762222,382.92239529549903,AWI-CM-1-1-MR|used,2021,2057
256.55046721442994,959.8795440134301,278.4715022711487,317.2203862275395,AWI-CM-1-1-MR|used,2021,2057
255.83841594016013,1380.5547830783935,418.4894549520542,348.1940551238195,AWI-CM-1-1-MR|used,2021,2057
256.0628353891918,877.0894478818395,334.4625051720232,382.4496453105105,AWI-CM-1-1-MR|used,2021,2057
239.8069236382137,703.3909600245313,368.0656392544781,320.80055359597304,AWI-CM-1-1-MR|used,2021,2057
208.8493554021283,848.1931134297154,404.6445460462022,407.1516530769475,AWI-CM-1-1-MR|used,2022,2058
237.8752800286219,790.5371937683783,173.38147616717575,301.44478812642507,AWI-CM-1-1-MR|used,2022,2058
276.7927724130909,1023.3979488137882,354.23385609353033,462.63961586906265,AWI-CM-1-1-MR|used,2022,2058
296.8124589374823,1100.0684513816518,447.3476620579599,306.76843357632106,AWI-CM-1-1-MR|used,2022,2058
399.24549253880093,1048.1930201474324,234.19975234230844,397.02976123880364,AWI-CM-1-1-MR|used,2022,2058
402.8709999381696,685.3401025229552,306.52321866967003,423.55474394725695,AWI-CM-1-1-MR|used,2022,2058
296.5880580377954,689.8770810093439,536.9473659970857,306.6378166869516,AWI-CM-1-1-MR|used,2023,2059
215.6387380924194,798.9237720302289,195.762328213314,472.4209026914617,AWI-CM-1-1-MR|used,2023,2059
236.64703322788912,1061.9625354365446,406.9011815274531,352.9824925346189,AWI-CM-1-1-MR|used,2023,2059
304.22224629818095,913.035835757866,374.13363530878115,363.66746387772616,AWI-CM-1-1-MR|used,2023,2059
278.0843656679519,785.0811231322137,162.6404006739841,348.9467604825855,AWI-CM-1-1-MR|used,2023,2059
272.6772009123456,661.7488752879976,226.377470262579,344.7526823683709,AWI-CM-1-1-MR|used,2023,2059
227.6373072987831,611.3522427568092,288.53421771116837,297.6922466201554,AWI-CM-1-1-MR|used,2023,2059
351.50811851750314,1025.0105110678608,193.38473581807955,266.7448641419652,AWI-CM-1-1-MR|used,2023,2059
242.01916898803273,1102.3671676298306,426.65394024613124,362.6643787891833,BCC-CSM2-MR|used,2014,2050
253.57890571575874,844.9945082173322,224.29374753928042,285.9146570184963,BCC-CSM2-MR|used,2014,2050
361.40393710897564,1119.5511681460744,172.50333073221256,324.27283100560715,BCC-CSM2-MR|used,2014,2050
305.3251276140321,1121.0063975521343,401.12192300683284,268.31859988366523,BCC-CSM2-MR|used,2014,2050
310.15447394318187,734.1419342663653,150.33476075388876,379.47970232379413,BCC-CSM2-MR|used,2014,2050
322.66524993681617,774.8758397719552,203.95094622797615,433.6247618084292,BCC-CSM2-MR|used,2014,2050
211.7313225318418,901.9757799151669,191.482080571069,264.91886229665477,BCC-CSM2-MR|used,2014,2050
276.63231126534646,928.8225463435485,253.27515129610723,252.78272586535715,BCC-CSM2-MR|used,2015,2051
316.34257679821155,799.6808807108425,328.73029998471924,434.4436323606245,BCC-CSM2-MR|used,2015,2051
287.7876235246917,694.0585074590366,519.8514568175833,307.02424872978395,BCC-CSM2-MR|used,2015,2051
289.37362691524424,894.5655487096959,505.1411349625759,304.7097733419466,BCC-CSM2-MR|used,2015,2051
290.9982679933443,1067.163552328918,460.2854579986774,262.7632164592461,BCC-CSM2-MR|used,2015,2051
287.14155561648755,841.2839966941922,176.94596766921708,300.21817489609833,BCC-CSM2-MR|used,2015,2051
245.80326650383088,811.7665087539729,432.4401640844122,368.1031581223176,BCC-CSM2-MR|used,2015,2051
262.38752945386904,753.6624384038474,94.07562224261167,555.6098927906828,BCC-CSM2-MR|used,2015,2051
204.8255984354673,1093.1336066593735,171.38419877911576,381.4234674301605,BCC-CSM2-MR|used,2015,2051
272.407728302547,710.6792783000044,305.0035896881782,396.0839087136538,BCC-CSM2-MR|used,2015,2051
327.2615289325147,501.9703323672425,561.36943167218,454.8113890619512,BCC-CSM2-MR|used,2016,2052
231.82142865027,666.1766575943512,329.1804352347834,315.5907418016214,BCC-CSM2-MR|used,2016,2052
322.35922092963085,951.4524554708171,184.05678846977116,311.96203564740176,BCC-CSM2-MR|used,2016,2052
257.86561717861207,737.3104717294341,260.62720771043536,313.2370106000128,BCC-CSM2-MR|used,2016,2052
233.46351649700895,916.5958609815593,189.18069672100603,378.53792241237954,BCC-CSM2-MR|used,2016,2052
231.31497050322673,748.6203182285092,236.00543508438534,421.6849762665751,BCC-CSM2-MR|used,2016,2052
183.6293742193882,1028.6377349018405,272.9894832585497,347.98648402287256,BCC-CSM2-MR|used,2016,2052
294.7986675767775,1023.0341290520495,486.7667139273217,304.8779326751538,BCC-CSM2-MR|used,2016,2052
286.93236599862604,747.5095990347387,231.0545450378151,253.28189433625298,BCC-CSM2-MR|used,2017,2053
253.5458858938442,769.5460944109882,111.73729434968655,307.1898064196135,BCC-CSM2-MR|used,2017,2053
292.942633699395,1101.1025820828045,229.83683955934117,275.09928259585104,BCC-CSM2-MR|used,2017,2053
229.6631734758315,1124.2157627238237,482.67821322191566,317.01465897864114,BCC-CSM2-MR|used,2017,2053
296.9890314886427,825.5491412398392,182.64004763173511,330.009745805717,BCC-CSM2-MR|used,2017,2053
253.23659542688418,902.9532544510643,328.8332079671715,462.3637425726717,BCC-CSM2-MR|used,2017,2053
275.0376415741749,701.9507881650518,252.99496728112837,329.2007809953627,BCC-CSM2-MR|used,2017,2053
241.30715814978032,878.4354766465466,363.36962632322576,446.8173586170719,BCC-CSM2-MR|used,2017,2053
255.65053731449044,991.0751982174025,496.0740543378477,390.3330053607161,BCC-CSM2-MR|used,2017,2053
356.6567088350909,895.6027260952717,287.7420536865399,327.0226268966268,BCC-CSM2-MR|used,2017,2053
227.77092363579732,1443.7467120291908,118.18976090233912,346.6643107690376,BCC-CSM2-MR|used,2017,2053
194.37494697873103,1044.712088251708,176.56057388965607,293.8428432459561,BCC-CSM2-MR|used,2017,2053
310.29476392250234,918.5552968060888,232.9147930385221,323.4470811315235,BCC-CSM2-MR|used,2017,2053
315.38143541206625,878.8336980371195,257.64085460787777,351.36921619597996,BCC-CSM2-MR|used,2018,2054
280.12604247244406,655.7219596002615,319.3695544748797,335.12703561061727,BCC-CSM2-MR|used,2018,2054
418.287405085425,851.7035718212317,799.1227991872304,456.47214581380894,BCC-CSM2-MR|used,2018,2054
263.0946985105341,780.8585388678674,152.14807269456466,434.0059116846288,BCC-CSM2-MR|used,2018,2054
268.25555403849506,682.3017103504673,181.5694301883418,334.9250956787238,BCC-CSM2-MR|used,2018,2054
266.8047327939461,982.209866059333,283.7948858253266,477.6575019577685,BCC-CSM2-MR|used,2018,2054
424.9071853710425,935.1099805089092,269.6816436117471,453.0950741034902,BCC-CSM2-MR|used,2018,2054
301.06189007235434,858.3730295504072,228.1738322732057,354.6193504259577,BCC-CSM2-MR|used,2018,2054
248.6029951522327,801.2775341215325,409.695626816694,364.73376861292707,BCC-CSM2-MR|used,2018,2054
238.24026751777458,716.8001629921755,513.2779785725268,336.71228609751813,BCC-CSM2-MR|used,2018,2054
392.34261922055117,828.8740342604625,163.29714788523492,260.9030483024773,BCC-CSM2-MR|used,2018,2054
280.5074202473505,1005.5835792163531,348.42929785761584,294.27098814230396,BCC-CSM2-MR|used,2019,2055
263.24552969964304,926.7414620023964,309.4293818200678,412.67888744583195,BCC-CSM2-MR|used,2019,2055
214.46374874910484,1013.8050904455603,241.218894349423,388.3431201328113,BCC-CSM2-MR|used,2019,2055
363.7880210276415,874.2638581696318,357.2486131069929,342.70765315452775,BCC-CSM2-MR|used,2019,2055
357.8627685816407,943.5992212207362,161.51072313858634,419.723624633244,BCC-CSM2-MR|used,2019,2055
294.07165437939443,1130.0136138418118,304.08753401205314,420.69156156904444,BCC-CSM2-MR|used,2019,2055
350.5130529950519,1254.5824602861005,530.014896917527,471.41249441374555,BCC-CSM2-MR|used,2020,2056
288.5204218137257,967.8632673924652,302.08301627621654,411.83461121244403,BCC-CSM2-MR|used,2020,2056
287.9144931336237,827.6759785917352,236.4526010332739,316.70346825219315,BCC-CSM2-MR|used,2020,2056
198.08260560296065,1053.7220146414506,402.3582938854517,347.0780585242529,BCC-CSM2-MR|used,2020,2056
281.58262493941277,741.9989462086384,463.30472600881876,436.5159664522279,BCC-CSM2-MR|used,2021,2057
362.6205884136544,973.3958962169951,224.61990577237884,336.4913258494368,BCC-CSM2-MR|used,2021,2057
231.11691901653805,1023.887002179903,234.49789062716988,267.241137415137,BCC-CSM2-MR|used,2021,2057
265.59100783776256,852.957926702702,224.20322510621028,299.9427527733794,BCC-CSM2-MR|used,2021,2057
252.06420870102286,789.5571550636647,236.21286236422446,333.72174638387924,BCC-CSM2-MR|used,2021,2057
274.31889599608047,1171.202151278966,280.58243582241704,384.3178830342455,BCC-CSM2-MR|used,2021,2057
285.05812775747114,936.3960024237742,524.9032128000215,282.29726244407476,BCC-CSM2-MR|used,2021,2057
266.67079193648755,855.4627008406903,109.74073604407924,560.1647967557367,BCC-CSM2-MR|used,2021,2057
387.3540302205196,1047.3292792187997,381.87589966222316,329.6839606955157,BCC-CSM2-MR|used,2022,2058
262.73970374873136,1085.6984970138362,192.60492233487636,339.6056977502936,BCC-CSM2-MR|used,2022,2058
217.89881535353913,1155.9033952915604,314.0651309682215,313.3677770586116,BCC-CSM2-MR|used,2022,2058
243.3540434580467,736.077260649447,198.5600747187196,382.1934809142098,BCC-CSM2-MR|used,2022,2058
285.48146124211996,947.545169529559,451.2921572249672,383.35003288399906,BCC-CSM2-MR|used,2022,2058
251.62259416115833,676.8784022248472,222.64673420564213,343.4079880390386,BCC-CSM2-MR|used,2022,2058
297.0988381257239,722.5557276863206,177.83608775271023,309.51742094913396,BCC-CSM2-MR|used,2022,2058
371.0399893101985,1060.108831390222,390.0213530909455,337.9125699751643,BCC-CSM2-MR|used,2022,2058
268.8805866275593,892.5896325603907,303.6666169545511,275.5559872877456,BCC-CSM2-MR|used,2022,2058
210.41361429981438,975.2778183862483,242.5861328439775,378.31972495020597,BCC-CSM2-MR|used,2022,2058
206.49626967743376,679.0515414773392,185.54741082135865,296.24808169173565,BCC-CSM2-MR|used,2023,2059
279.2308691626582,684.7125544654762,237.30556281278754,344.04576849058367,BCC-CSM2-MR|used,2023,2059
338.1162419943625,1270.006434870694,316.988075965983,245.75392042619126,GFDL-ESM4|used,2014,2050
251.7475021207513,600.5470477021224,422.2592142063384,313.9713274971452,GFDL-ESM4|used,2014,2050
332.7050303347704,806.0246013545054,306.94663390781574,316.1406475444744,GFDL-ESM4|used,2014,2050
224.21644601273513,805.4779111327603,392.14699041693234,305.3125843595689,GFDL-ESM4|used,2014,2050
353.7218850182529,723.7045373587175,252.48326337040572,279.2721806183452,GFDL-ESM4|used,2014,2050
298.58681258302244,984.5249554549313,259.3597530934566,369.07051498431474,GFDL-ESM4|used,2014,2050
342.4503665114452,949.7744150586705,278.43880292601597,376.0420516649615,GFDL-ESM4|used,2014,2050
190.0577519413103,902.2976634442794,217.53710711838355,402.7750200408713,GFDL-ESM4|used,2014,2050
373.70357216983905,946.6301688849557,330.8413389683187,276.06615790479503,GFDL-ESM4|used,2014,2050
313.2271190229536,707.7079786081315,233.32923907527245,395.66438029845256,GFDL-ESM4|used,2015,2051
239.23349590008573,648.4905213360411,154.4693032803693,315.43256310196784,GFDL-ESM4|used,2015,2051
276.1910315742958,941.8094494135086,220.82241580013797,515.0031555841346,GFDL-ESM4|used,2015,2051
300.03216828655735,1081.6869445300472,338.0378159940313,336.9758414221635,GFDL-ESM4|used,2015,2051
301.55761930449705,985.208543409029,372.02867138658877,352.66970161769615,GFDL-ESM4|used,2015,2051
237.52282029891387,806.8585734569212,198.0855621385713,287.88539847594325,GFDL-ESM4|used,2016,2052
414.4874574598493,1022.0261472213177,207.5592117836221,345.62630243685516,GFDL-ESM4|used,2016,2052
306.66166925001227,885.4594177336417,327.3898222087597,260.2214846528914,GFDL-ESM4|used,2016,2052
291.4401384110291,1059.2944239979527,315.34449410055544,497.48962906284373,GFDL-ESM4|used,2016,2052
217.57933004671824,1018.9193451913394,254.14928244629888,295.5505374610744,GFDL-ESM4|used,2016,2052
369.62945827071593,983.5020557984533,199.42901450378423,435.1252797528643,GFDL-ESM4|used,2016,2052
243.9654905569801,800.3770251079144,342.03976356183506,406.91538920049607,GFDL-ESM4|used,2016,2052
285.96186363712343,972.3011525886017,222.70978785732993,304.3087217552506,GFDL-ESM4|used,2017,2053
302.8065347160559,910.172299007195,155.02141043493427,426.5097829929202,GFDL-ESM4|used,2017,2053
357.10214581835595,1011.3244694907056,371.43560068222746,435.7097920339731,GFDL-ESM4|used,2017,2053
378.7652768386768,1151.1241596351335,200.50963113477243,324.7493348290242,GFDL-ESM4|used,2017,2053
384.5924062499896,826.4801643270873,132.15521656846812,372.45016839729016,GFDL-ESM4|used,2017,2053
290.20494662850234,1199.653947550762,221.55684766552181,341.3425090695112,GFDL-ESM4|used,2018,2054
325.55522654581597,783.082534633279,238.71414703501748,319.2501639936064,GFDL-ESM4|used,2018,2054
347.74053570964196,1302.4461124745794,319.6937893499318,283.59824360372465,GFDL-ESM4|used,2018,2054
241.14890204375652,634.2331224499352,221.02746436771244,437.3356758398716,GFDL-ESM4|used,2018,2054
222.98102502159233,787.1039444323278,338.76633986562365,364.02324984996284,GFDL-ESM4|used,2018,2054
210.07020543790708,650.5096303350098,646.1881178101281,342.38060555562254,GFDL-ESM4|used,2018,2054
348.97538132359495,831.7908713494254,729.9405528077781,336.2671520071117,GFDL-ESM4|used,2018,2054
228.8291892923828,1133.1080916941169,369.4605609028661,304.35353873506165,GFDL-ESM4|used,2019,2055
265.0510102772431,901.5687146168301,624.3338811175573,389.1731847849906,GFDL-ESM4|used,2019,2055
270.5117397267114,653.4698870797251,264.65864212699097,284.5823930279803,GFDL-ESM4|used,2019,2055
226.7011922241256,1046.4509825916427,564.1528760838611,359.669534571143,GFDL-ESM4|used,2019,2055
343.34297512419687,1228.2422828789347,302.71349702935095,235.563957924952,GFDL-ESM4|used,2019,2055
317.90365815191376,736.3329934222289,230.12766402944814,486.5575698702758,GFDL-ESM4|used,2019,2055
264.09601130927916,1036.0669847030874,395.3253868890664,271.4791579336609,GFDL-ESM4|used,2020,2056
366.73543444389543,898.619260717065,332.41380252154295,362.7413973519842,GFDL-ESM4|used,2020,2056
327.8941070496968,825.7521062619395,222.2682651138385,277.90558643407394,GFDL-ESM4|used,2020,2056
268.3869231514274,1037.9943544407258,184.96629316553498,330.7156224583213,GFDL-ESM4|used,2020,2056
286.59494176236524,746.1722166044606,151.96208732955898,393.13512128276267,GFDL-ESM4|used,2020,2056
200.16583894183083,879.1549523343442,346.0203864544603,365.7981774970837,GFDL-ESM4|used,2020,2056
322.4981031099954,1212.550722626562,610.8900604860773,257.3588105540347,GFDL-ESM4|used,2020,2056
292.0809358097215,853.7717291404095,268.28402630264554,320.8970550064756,GFDL-ESM4|used,2021,2057
304.7608667306898,959.033825054914,136.9201022672124,363.3963534173327,GFDL-ESM4|used,2021,2057
239.2767069380349,1137.0822739078778,275.7910429828788,203.51212606017455,GFDL-ESM4|used,2021,2057
257.89926946163314,993.4470765059664,439.34302369943947,323.30950291937705,GFDL-ESM4|used,2021,2057
302.6027079332932,860.7991433265282,450.84829881306104,369.2410354936183,GFDL-ESM4|used,2021,2057
272.8378049887717,755.6099406007795,301.2951991815924,322.7976518409707,GFDL-ESM4|used,2021,2057
311.19349859766027,1004.6174690159397,212.01681963348761,346.94510875666117,GFDL-ESM4|used,2021,2057
332.56607541666847,839.3131967165863,223.07273561781952,238.2139877902865,GFDL-ESM4|used,2022,2058
221.55433812570462,727.7660844634063,151.06727166416934,355.0838174459298,GFDL-ESM4|used,2022,2058
319.28478524097164,872.5535679809793,396.14545903879446,349.58565672771033,GFDL-ESM4|used,2022,2058
252.20731576817437,1108.6341634142336,260.24925924831444,334.55862063193285,GFDL-ESM4|used,2022,2058
323.24661568459027,973.972162957975,152.8773932871319,266.111636415502,GFDL-ESM4|used,2022,2058
386.8789916861672,939.7243220800055,332.94312519693926,429.1771451663401,GFDL-ESM4|used,2022,2058
342.9582510723587,605.0182498547542,284.67840635305555,325.25405640809345,GFDL-ESM4|used,2022,2058
216.39785903181243,802.9471944176048,298.81261383584433,296.95620221580054,GFDL-ESM4|used,2023,2059
257.71381285208696,752.5913511929568,511.37747709184913,308.5252816282257,GFDL-ESM4|used,2023,2059
287.5859122802586,965.346232634264,226.5204442122359,315.8698084038213,GFDL-ESM4|used,2023,2059
304.42149649638725,728.96888575301,143.3198351828477,316.00236799735603,KACE-1-0-G|used,2014,2050
309.7903059234478,1178.8864922136147,252.80598936287737,357.35645281911746,KACE-1-0-G|used,2014,2050
263.7534946427572,846.7652935070656,293.375815521862,343.24030527391864,KACE-1-0-G|used,2014,2050
306.26357524525224,874.9040700459832,260.09709805658963,273.4462922310957,KACE-1-0-G|used,2014,2050
266.268576134228,700.2937779426932,212.67791956630785,379.0637611397768,KACE-1-0-G|used,2014,2050
238.35717498569088,834.8728681087292,175.4403788549077,326.6780109427469,KACE-1-0-G|used,2014,2050
293.47790860314467,659.5745347589165,210.07381548778434,268.8308272415211,KACE-1-0-G|used,2015,2051
279.35289655371156,888.4358705134696,192.3139704177207,349.24139409190116,KACE-1-0-G|used,2015,2051
226.7492204686139,1057.0302112140685,243.6123681859915,234.07263829907316,KACE-1-0-G|used,2015,2051
235.18716417374742,981.6991891250813,240.61780093783682,356.22472021156943,KACE-1-0-G|used,2015,2051
412.7730830024847,1052.7457554208381,457.6538314271903,357.83154818760215,KACE-1-0-G|used,2016,2052
331.11381703929993,750.4292278591631,559.3965281807651,254.21802812803276,KACE-1-0-G|used,2016,2052
319.75004345631606,857.625786582921,351.45496843371154,469.6102126704828,KACE-1-0-G|used,2016,2052
298.3285237933912,784.8017343570477,160.92189169368694,352.2924562054951,KACE-1-0-G|used,2016,2052
201.54458720643632,1095.8579401975874,205.01426618205727,335.4328327849404,KACE-1-0-G|used,2016,2052
378.16001997827493,983.9394218527764,153.72993383913985,292.5928604538322,KACE-1-0-G|used,2016,2052
298.1706160396365,804.2715768260036,400.52058769508716,375.6451573029188,KACE-1-0-G|used,2016,2052
309.5750935930872,1039.7326875103379,321.1559341248534,317.5335332778248,KACE-1-0-G|used,2016,2052
292.82749468465187,983.0547166979748,445.13540321132376,387.20122612842704,KACE-1-0-G|used,2016,2052
284.65633586982005,1057.4921978536588,296.6064277362754,303.2604470339333,KACE-1-0-G|used,2016,2052
282.7157555442275,880.6943252234388,282.94551672974836,481.9950856632795,KACE-1-0-G|used,2016,2052
208.42585834466075,945.5297400070219,417.6289870591857,425.67727409248573,KACE-1-0-G|used,2016,2052
304.4552853428179,760.9767303677456,316.0471013450784,276.74865775078956,KACE-1-0-G|used,2017,2053
260.3356115692175,882.6156520538357,85.14516672849176,365.01083609318613,KACE-1-0-G|used,2017,2053
254.77142868218206,1148.4640342562532,167.00636260564613,374.6937037435127,KACE-1-0-G|used,2017,2053
301.2128238453448,642.9156803686584,417.31123094519023,308.1482164403189,KACE-1-0-G|used,2017,2053
400.8155097271491,809.3123433231724,375.9625930305195,310.6571838217271,KACE-1-0-G|used,2018,2054
276.37868728315357,665.2846330385967,369.30536943089965,458.27039590646035,KACE-1-0-G|used,2018,2054
274.91669083010964,1003.339748075155,274.215678134051,406.25185353229745,KACE-1-0-G|used,2018,2054
209.00236703560626,734.9464393805563,255.80821703303891,363.1909390793589,KACE-1-0-G|used,2018,2054
209.33057047520504,1132.0838397207365,275.11269855536676,429.94858293616414,KACE-1-0-G|used,2018,2054
285.2828691867316,967.1789782259145,305.5119981322126,379.77190458843216,KACE-1-0-G|used,2018,2054
231.47723071320235,824.8860691602499,234.9416020432296,344.47457167007224,KACE-1-0-G|used,2018,2054
328.4079982739625,920.4549036766623,267.3761702929678,249.54747277749968,KACE-1-0-G|used,2018,2054
246.44557783184612,977.8437889579114,243.40078712329168,519.833032695321,KACE-1-0-G|used,2019,2055
193.19930008820108,732.7516212560481,462.20565008046566,443.9950517448857,KACE-1-0-G|used,2019,2055
207.1974238957891,702.5512640553396,596.1242724197897,366.9404044802352,KACE-1-0-G|used,2019,2055
278.6726919011747,938.4674565134973,399.46974324184424,377.91989756385044,KACE-1-0-G|used,2019,2055
328.66042507850267,779.1551511785522,249.80492162632692,312.8011616527482,KACE-1-0-G|used,2019,2055
275.98683749727434,1118.8427212604615,187.11536640983945,338.71874524183653,KACE-1-0-G|used,2019,2055
312.0463296158106,1163.0918531954856,235.18793014571136,427.5852596541762,KACE-1-0-G|used,2019,2055
284.27484386723313,1031.8550574474405,163.0829768015876,351.4707306007576,KACE-1-0-G|used,2019,2055
288.7710720139577,866.3810411459884,424.53881603024786,412.51861549614944,KACE-1-0-G|used,2020,2056
336.62936587183225,1264.646597551215,161.98030817300068,236.74043210047833,KACE-1-0-G|used,2020,2056
289.47018929276175,1029.4688273189895,258.19434733815433,410.53703522521187,KACE-1-0-G|used,2020,2056
256.2554475118618,793.9009330273834,227.90695846924325,363.15787303968466,KACE-1-0-G|used,2020,2056
312.149036067276,755.0092676895415,442.8494717264805,358.2007843459454,KACE-1-0-G|used,2020,2056
254.12143208371492,840.8926520361308,269.99954247060816,402.0109582512023,KACE-1-0-G|used,2020,2056
242.99957584474512,804.6373070798779,253.64788087250184,271.74653746145816,KACE-1-0-G|used,2020,2056
279.6162325483271,810.9471733658091,245.64897532207388,283.2497195975017,KACE-1-0-G|used,2020,2056
359.44963725859884,841.5520001759022,351.80855857144206,286.369320270512,KACE-1-0-G|used,2020,2056
252.26890200103185,973.5474219855162,190.41320330668677,338.90739523467886,KACE-1-0-G|used,2020,2056
259.3686996794245,956.8550953751619,547.4057436162439,432.15675948171844,KACE-1-0-G|used,2021,2057
286.85163515356385,1008.0877778344806,289.82576215710077,366.1121104718713,KACE-1-0-G|used,2021,2057
184.7055270721387,889.9633210500832,202.56904303902573,342.5172554971965,KACE-1-0-G|used,2021,2057
329.3357773129225,766.4095107827818,398.91854008030185,292.39486300110167,KACE-1-0-G|used,2021,2057
280.9481782469544,810.2516650617227,392.4620416685337,337.428587989661,KACE-1-0-G|used,2021,2057
220.93693718901224,729.7146287061897,285.03062056932424,281.5220384730131,KACE-1-0-G|used,2021,2057
246.04647055675392,1165.3780474897599,292.9348154749913,310.50374341836624,KACE-1-0-G|used,2021,2057
230.90884496705974,1004.0498468914857,165.17306434928284,281.2805721565966,KACE-1-0-G|used,2021,2057
445.835810089539,1099.2123532944402,200.1673413101024,320.0758601164018,KACE-1-0-G|used,2021,2057
251.056710733285,919.415542561408,299.11927498608367,425.03124054151266,KACE-1-0-G|used,2022,2058
316.5876091387774,870.7297682783247,166.44067923333532,243.33761301550862,KACE-1-0-G|used,2022,2058
244.1016711359808,1151.7229775196145,215.4792199797752,314.69988496291484,KACE-1-0-G|used,2022,2058
257.171603264108,839.7216865266481,542.2734081789514,335.52725068342806,KACE-1-0-G|used,2022,2058
238.0467691649817,887.8329524564508,237.0235713101216,244.2089824970724,KACE-1-0-G|used,2022,2058
277.0820632583366,832.8356956232266,293.7747070701865,370.6176317356077,KACE-1-0-G|used,2022,2058
273.8765553797458,952.5761824279942,211.61663234387285,324.52820424376057,KACE-1-0-G|used,2022,2058
273.1828252447006,672.0540532120885,346.86136700347737,395.2605136795517,KACE-1-0-G|used,2023,2059
498.3415959914505,772.019512846108,244.7984522022196,358.0233165216356,KACE-1-0-G|used,2023,2059
220.0453136560149,898.257112824064,151.04931174546962,322.3210575275679,KACE-1-0-G|used,2023,2059
215.53791297614524,1094.1021753596021,155.36377162090122,350.9359107364978,KACE-1-0-G|used,2023,2059
270.5617547663855,850.6648690220139,104.64801067811062,373.359143332969,KACE-1-0-G|used,2023,2059
270.2069794183789,833.5553007116822,200.8382539207024,361.56960338922505,KACE-1-0-G|used2,2014,2050
224.65657241476273,699.629289018251,327.30519697913866,309.37385368289694,KACE-1-0-G|used2,2014,2050
232.85427114429785,944.4428667283802,455.73715072337075,242.59389927362065,KACE-1-0-G|used2,2014,2050
366.96069543829424,982.6358519302843,278.0694233200752,512.0797445162196,KACE-1-0-G|used2,2014,2050
407.61961302873254,821.2057060912779,366.19689576662665,348.3969012579525,KACE-1-0-G|used2,2014,2050
243.86386571737808,728.7759737934304,258.3139315461451,273.90043023860807,KACE-1-0-G|used2,2014,2050
409.0453310301195,793.5389169455669,377.0500528468686,315.10009172587525,KACE-1-0-G|used2,2014,2050
290.70404571863827,1058.322616044688,310.13255380705925,384.91169487711977,KACE-1-0-G|used2,2014,2050
256.5953699647215,806.4473837608864,475.4161224035423,256.18754837729904,KACE-1-0-G|used2,2015,2051
347.08809839533313,909.530321593565,388.6700345744269,269.4481895953065,KACE-1-0-G|used2,2015,2051
283.9912314893331,886.5068187212835,349.6555656498261,295.15981510818574,KACE-1-0-G|used2,2015,2051
234.17925750277826,1175.4443058802658,257.72536927677555,355.1823823677686,KACE-1-0-G|used2,2015,2051
292.0558946140903,625.1823423313148,325.9354806274048,396.1961273855383,KACE-1-0-G|used2,2015,2051
241.46521033464512,659.8418445060145,299.4394391161727,350.246433370257,KACE-1-0-G|used2,2015,2051
271.3576309272808,795.1468285626287,312.5344040187596,295.86626074270674,KACE-1-0-G|used2,2016,2052
276.9411965383255,955.3843617853083,156.01533078160614,274.4676373393729,KACE-1-0-G|used2,2016,2052
331.9773719604963,818.8737846185675,149.29999919687032,228.88589278478003,KACE-1-0-G|used2,2016,2052
319.0350857616645,1127.641307583175,195.5983254878396,332.9020457907679,KACE-1-0-G|used2,2016,2052
253.0496942841046,891.3435930801274,270.7132061877837,341.9365835339145,KACE-1-0-G|used2,2016,2052
225.76956461412925,797.5946717118717,347.3292390641922,247.5917643104844,KACE-1-0-G|used2,2016,2052
321.1772895452445,869.757093463352,175.0343677786138,311.27429859835837,KACE-1-0-G|used2,2017,2053
338.6588355066896,861.4800893258579,329.4713308002344,356.28991941487004,KACE-1-0-G|used2,2017,2053
301.77450925579916,796.1668818959653,438.1890393979334,349.3106326530054,KACE-1-0-G|used2,2017,2053
305.5305030336057,574.4014463810274,221.5826799981214,428.292852871678,KACE-1-0-G|used2,2017,2053
355.9264443250285,586.1884109880752,180.389614897138,328.7822631285341,KACE-1-0-G|used2,2017,2053
268.5542686473039,793.0339495643397,636.5312350602123,398.67375574710405,KACE-1-0-G|used2,2018,2054
336.9127783673728,1241.3020306173446,313.59713150458253,209.4026023968393,KACE-1-0-G|used2,2018,2054
288.80621724414823,871.9125699778526,391.4071146630442,419.3177023423918,KACE-1-0-G|used2,2018,2054
305.8621503408669,993.252920662742,359.57399769459937,303.0358242109551,KACE-1-0-G|used2,2018,2054
222.06007754172805,580.5563188327792,187.26425537332045,326.07516073631456,KACE-1-0-G|used2,2019,2055
303.26403486186285,875.371799658257,443.70850787182593,286.62666822217204,KACE-1-0-G|used2,2019,2055
396.25868498809746,743.6855558025147,233.7934325692398,286.24366448311736,KACE-1-0-G|used2,2019,2055
206.63587055375478,894.1949171213697,233.06860838663675,432.3943563982137,KACE-1-0-G|used2,2019,2055
250.29633915891372,962.5581025916506,308.31249335471165,311.5303476396136,KACE-1-0-G|used2,2019,2055
263.3791841008275,791.0639125802286,443.9586038310645,343.35096340423155,KACE-1-0-G|used2,2019,2055
242.46359994805442,838.207459550293,282.1961474185478,269.94936025618597,KACE-1-0-G|used2,2019,2055
295.0803371855942,1128.9241746722762,342.40277855107007,295.3849854613065,KACE-1-0-G|used2,2019,2055
293.08402756135126,1026.5981219075632,242.7781531187997,489.737195089577,KACE-1-0-G|used2,2019,2055
229.5522287236434,1117.1958133936876,282.5849657172062,371.2590031736409,KACE-1-0-G|used2,2019,2055
252.56428436333087,925.6893949451974,364.69191844325377,417.8020818211835,KACE-1-0-G|used2,2020,2056
257.0938701139899,881.2797602639627,318.2558758684499,392.1719897303699,KACE-1-0-G|used2,2020,2056
345.52102931889834,821.4175385263546,309.8091605634546,483.62208008434834,KACE-1-0-G|used2,2020,2056
191.20523180608134,970.2297964301744,231.22300649364684,321.3346344449642,KACE-1-0-G|used2,2020,2056
256.888719328541,823.4601673312111,203.5530814870379,466.6520127984187,KACE-1-0-G|used2,2021,2057
234.49300238055332,847.2582318434338,270.4320237418479,408.60852195639825,KACE-1-0-G|used2,2021,2057
248.95738500327448,954.421974077172,239.57871340002768,443.7448273526782,KACE-1-0-G|used2,2021,2057
284.38335166976407,940.1299414268126,499.1844571306428,400.3147611289129,KACE-1-0-G|used2,2021,2057
241.89597061393545,753.9664681523909,251.2738218076991,276.9711414390167,KACE-1-0-G|used2,2021,2057
306.1783016513014,899.9502858667624,202.69569532072478,318.1818996757089,KACE-1-0-G|used2,2021,2057
242.7216757837209,976.1296799526797,609.0757978017234,454.47650207629204,KACE-1-0-G|used2,2022,2058
363.5149012461456,1112.5951410843795,551.0888688478182,298.1094979088368,KACE-1-0-G|used2,2022,2058
246.88876570191732,781.9973604013746,544.5194678376113,302.67941149477053,KACE-1-0-G|used2,2022,2058
249.21762063640088,592.42701908831,279.02925932601033,396.48820588475695,KACE-1-0-G|used2,2022,2058
261.8081374848679,731.7848602676394,335.57555148029485,402.0746599195988,KACE-1-0-G|used2,2022,2058
254.23589447554502,950.6400775504204,425.8790919301079,368.3255657286162,KACE-1-0-G|used2,2022,2058
329.5256854897545,930.2028351593118,322.89281233048473,448.14041720586573,KACE-1-0-G|used2,2022,2058
298.4247126174028,916.2837830833445,322.50151561781075,299.7223544252798,KACE-1-0-G|used2,2023,2059
186.94089165300394,991.969420570436,341.0017370420438,368.6663823612439,KACE-1-0-G|used2,2023,2059
251.00316964394713,845.3662162945783,187.75513106739947,345.95108823848204,KACE-1-0-G|used2,2023,2059
265.3800878724562,842.7928890013585,305.09176072091054,307.44714772560906,KACE-1-0-G|used2,2023,2059
176.18113695792738,699.0694487375389,323.5352021736298,348.62266314870436,KACE-1-0-G|used2,2023,2059
273.2677581568669,856.8554754558205,218.79287753822544,332.3115455472432,KACE-1-0-G|used2,2023,2059
185.30040551792914,896.8727517299434,187.8544762343577,297.2739002634495,KACE-1-0-G|used2,2023,2059
310.9254295345572,844.2157156288832,210.3953227013282,323.66285038399985,KACE-1-0-G|used2,2023,2059
388.7855216919719,807.5110883274237,373.73283986805717,387.3723752527312,KACE-1-0-G|used3,2014,2050
239.66084968542222,695.5682462211181,179.53091718511874,569.58182752348,KACE-1-0-G|used3,2014,2050
389.6861081378235,887.1759533962306,213.14138067845585,339.30403937140704,KACE-1-0-G|used3,2014,2050
299.60140061598514,897.7500381212116,446.3551950240464,407.88846421553245,KACE-1-0-G|used3,2014,2050
219.9731073398357,727.529957161603,313.1634005975358,319.69436169227356,KACE-1-0-G|used3,2014,2050
346.370999201908,713.1996924011723,337.2983817150446,440.2428712230958,KACE-1-0-G|used3,2014,2050
376.7375672179983,988.361722375341,390.8425450734538,340.92006171162,KACE-1-0-G|used3,2014,2050
214.13439307431838,1016.9528791693639,736.0844237696264,286.8293414228285,KACE-1-0-G|used3,2015,2051
307.2384971798361,1232.2665263238232,336.60159911348137,349.83304119977674,KACE-1-0-G|used3,2015,2051
322.95649984675276,1168.2702269495835,247.37287952776396,457.27576834803807,KACE-1-0-G|used3,2015,2051
219.10181841937083,756.2109885034833,140.05864270576518,289.8124669241402,KACE-1-0-G|used3,2015,2051
358.36745706493747,834.4214979587549,248.3192136564192,399.5162707253383,KACE-1-0-G|used3,2015,2051
257.2604740191513,780.2517571559258,394.2839667402501,439.4304085387885,KACE-1-0-G|used3,2015,2051
274.1017151572632,770.9622552968673,312.07336878039143,379.86776283653404,KACE-1-0-G|used3,2015,2051
342.17737239069027,646.7484636790689,172.88552460652977,348.08017167572825,KACE-1-0-G|used3,2015,2051
275.31919388092314,808.2166079535784,576.6373899151358,338.3268705617957,KACE-1-0-G|used3,2015,2051
324.19646544385057,779.6377018923991,286.8143137838318,305.75408143476903,KACE-1-0-G|used3,2016,2052
296.20995998128956,1020.6209205826812,179.78231976095523,284.00698983253903,KACE-1-0-G|used3,2016,2052
342.0589991684945,763.2376122410064,130.32573474034103,332.6307117746923,KACE-1-0-G|used3,2016,2052
240.68291365482392,704.3038695939412,183.0496205942043,399.82335067197886,KACE-1-0-G|used3,2016,2052
308.03216584240727,787.8868415508989,449.7713402423454,323.9697728074616,KACE-1-0-G|used3,2016,2052
294.3024729419434,814.1401140157112,420.69478352136156,344.590423006723,KACE-1-0-G|used3,2016,2052
190.92500625040682,716.1645479588782,332.1613087123787,337.8249372393604,KACE-1-0-G|used3,2016,2052
275.55118674768227,1002.4278595181974,180.45647092090232,375.341236060624,KACE-1-0-G|used3,2016,2052
347.35811478188293,1054.1663858965098,481.07637563838006,343.5639891727105,KACE-1-0-G|used3,2017,2053
235.67778126148747,977.5229759446801,192.0688420333106,498.84145633772096,KACE-1-0-G|used3,2017,2053
311.8000270715447,1061.1089333088653,428.95449444382854,324.91700573962356,KACE-1-0-G|used3,2017,2053
268.96280880620134,739.3843236136083,288.9876676896638,372.20664718247684,KACE-1-0-G|used3,2017,2053
243.61919659534615,708.0951514634734,193.80407988302574,338.6355710471783,KACE-1-0-G|used3,2017,2053
321.83693361928476,837.9753125905346,272.60060656514804,259.33518758279996,KACE-1-0-G|used3,2017,2053
249.5843247897141,824.4914804327447,167.5520764353925,335.21730357364424,KACE-1-0-G|used3,2018,2054
329.0321368475204,817.1264686988868,457.48311198416366,474.25037046399007,KACE-1-0-G|used3,2018,2054
285.3654632529537,1069.1363266120036,502.61827697675403,307.66280049018656,KACE-1-0-G|used3,2018,2054
255.13896139602943,799.3714828115174,374.67709642669934,291.2514305238062,KACE-1-0-G|used3,2018,2054
275.64189186253844,975.4910235651937,223.91195626920424,221.96882299444687,KACE-1-0-G|used3,2018,2054
246.27219465555024,1021.8852552832959,165.95035501041855,345.2506690253469,KACE-1-0-G|used3,2019,2055
280.8301641958172,1009.0251344356873,570.9366534950273,293.3039893755798,KACE-1-0-G|used3,2019,2055
339.1188601918527,808.5260432057007,208.63995421344816,350.88034649204667,KACE-1-0-G|used3,2019,2055
455.2792128068305,803.4306964493474,384.0915113353507,275.7065547305881,KACE-1-0-G|used3,2019,2055
289.9172708449819,1002.8844742619231,234.75226165800183,417.42285295224,KACE-1-0-G|used3,2019,2055
284.2158088434095,897.8523535688515,379.23547458787834,334.69603871224007,KACE-1-0-G|used3,2019,2055
252.9665218400501,1027.748193906028,268.41424425717724,469.0002414319631,KACE-1-0-G|used3,2019,2055
271.50073133694167,1015.5257486345225,271.51965102685085,453.8121080771828,KACE-1-0-G|used3,2019,2055
213.49130320128964,847.1493562560127,518.5673344689623,437.92707362357623,KACE-1-0-G|used3,2020,2056
238.81811079148287,920.1477334746982,412.09609953689596,328.4634690007873,KACE-1-0-G|used3,2020,2056
328.1371970525139,1208.0739772446973,290.477198870542,398.2002562559809,KACE-1-0-G|used3,2020,2056
259.8888314706976,801.7469649693809,369.9374146534259,233.14080374625865,KACE-1-0-G|used3,2020,2056
303.4181140669473,866.0035423599815,204.48816421673115,279.10867798803963,KACE-1-0-G|used3,2020,2056
350.10268086200387,766.0457686560652,293.9411026610473,339.0433053302416,KACE-1-0-G|used3,2021,2057
317.49635600529206,912.624904181183,306.00892964482784,394.6444302018115,KACE-1-0-G|used3,2021,2057
367.47696694959257,1076.6718808854907,385.2520015981852,327.5496913389675,KACE-1-0-G|used3,2021,2057
230.38013409086182,770.6312679298304,228.95460567434856,282.79327633052515,KACE-1-0-G|used3,2021,2057
260.539969412524,991.741561128329,194.13535749151012,353.418235730031,KACE-1-0-G|used3,2021,2057
395.88480442525474,890.6036950877296,323.39465292617894,491.5428356714948,KACE-1-0-G|used3,2021,2057
223.485404830353,669.1445657250873,787.0671980559123,332.4176190756441,KACE-1-0-G|used3,2021,2057
308.1710342422588,822.7147159073243,201.83528053657986,304.0647632280034,KACE-1-0-G|used3,2021,2057
233.70677198141874,1178.2328484864815,283.57929381960906,360.00763517761595,KACE-1-0-G|used3,2021,2057
249.90367980783586,705.1628411074022,238.53255283053676,258.12143766730287,KACE-1-0-G|used3,2021,2057
267.3359980314053,710.8051832009212,246.30893082301355,406.61725438305456,KACE-1-0-G|used3,2022,2058
385.7376007165929,663.7197159840861,638.7128116404364,345.06206247685066,KACE-1-0-G|used3,2022,2058
340.60600794287035,893.4167613723197,304.01223659457537,341.79721073795264,KACE-1-0-G|used3,2022,2058
359.88768029915207,722.0708086876674,148.85100169801015,330.4316725794506,KACE-1-0-G|used3,2022,2058
337.42730016757713,933.7253644237707,340.7565830544766,298.8892862085591,KACE-1-0-G|used3,2023,2059
248.03535217629982,1206.5401111282501,311.9354332147188,445.44056274048626,KACE-1-0-G|used3,2023,2059
228.2334089968736,1069.0422572738905,175.50553192450482,460.1146601265899,KACE-1-0-G|used3,2023,2059
330.1662337245115,860.1017469814936,336.3742022644895,293.1316368963996,KACE-1-0-G|used3,2023,2059
314.24586752352303,914.7456113801194,223.55153466254114,470.7618050180184,KACE-1-0-G|used3,2023,2059
338.878567281665,932.8800728838477,433.20585820281696,331.7149324486763,MIROC6|used,2014,2050
283.1530649522107,1077.855121826289,649.7327062443702,289.3183226366089,MIROC6|used,2014,2050
307.3874205709193,818.798732656755,285.79280223201823,290.8450759957866,MIROC6|used,2014,2050
244.35327933954906,924.2014185904093,135.08707564862902,362.0485125106453,MIROC6|used,2014,2050
281.0382298388026,772.5004282680554,225.69044010438589,330.53792212160147,MIROC6|used,2014,2050
271.6055380206695,816.2886658073229,409.80437132114236,292.894041413145,MIROC6|used,2014,2050
265.3980865114565,742.4628245380599,256.82695163810615,262.46976768993073,MIROC6|used,2014,2050
251.31253869604734,925.1357112273581,425.0556006504627,336.4354605506472,MIROC6|used,2015,2051
291.604597258311,1065.3677848384673,297.3230000979563,385.6230662650928,MIROC6|used,2015,2051
316.0632280277313,842.3958984512203,225.03108746283434,402.8019067719755,MIROC6|used,2015,2051
199.24387218954007,688.0845504709142,184.65819549940656,492.64562765455196,MIROC6|used,2015,2051
244.78471709510134,706.8264542969167,333.38060175641675,360.2924725256089,MIROC6|used,2015,2051
300.6322113246373,1114.393331513716,241.82736655039167,416.2971710143424,MIROC6|used,2015,2051
204.01352315202934,1025.2951774232033,232.536705860404,495.22445353793586,MIROC6|used,2015,2051
222.65313612622876,916.9122701632027,220.36895830322453,484.77545892971716,MIROC6|used,2016,2052
335.75738960351697,863.7239774416557,286.41509568532103,335.87941423614126,MIROC6|used,2016,2052
268.7386382238288,896.2106099259299,102.12853765665095,426.8857324995845,MIROC6|used,2016,2052
222.7950304212007,1224.415446863125,206.3031283703746,256.6632467269532,MIROC6|used,2016,2052
223.27494058911418,714.3415870326884,138.0024734656212,345.5892694590699,MIROC6|used,2016,2052
239.97812891499896,820.1852548467729,307.3197462785042,582.8185956202552,MIROC6|used,2016,2052
279.01261066496187,1040.880315814189,568.0772555389857,358.6487024107487,MIROC6|used,2016,2052
288.42178449001307,543.2693832272821,324.45403135840667,273.05204321804257,MIROC6|used,2016,2052
292.3949652664895,909.8997156804708,365.1472295651363,273.5658181770247,MIROC6|used,2017,2053
341.2239569837894,836.4299583219514,211.00288460241376,365.20485382635553,MIROC6|used,2017,2053
203.04255055706875,725.2841859048032,148.02581790944348,270.9666619545416,MIROC6|used,2017,2053
242.30099007246952,819.4897762153995,437.6147222265201,360.841883742451,MIROC6|used,2017,2053
261.98174881759115,657.1608728126841,160.27023302540826,392.41119287856117,MIROC6|used,2017,2053
293.8100828660051,1064.843396788263,214.00283533920438,290.62076285277465,MIROC6|used,2018,2054
249.49284938575732,764.5155551304288,124.4109651026562,464.2825777843082,MIROC6|used,2018,2054
331.8256920479723,907.4086887432452,361.54568976334275,399.028200345522,MIROC6|used,2018,2054
351.7346110162465,721.0910311018725,305.68640243905514,376.53377512290893,MIROC6|used,2018,2054
237.57383412847813,899.6210382876626,189.75005366043902,344.2681533063783,MIROC6|used,2018,2054
254.95088503466496,952.8678294795797,281.81041177840575,279.7814542297426,MIROC6|used,2018,2054
336.3392886884364,1135.1650614760113,280.2889158785988,433.1452510714676,MIROC6|used,2018,2054
198.32039908348136,775.0412366597342,171.10417900408453,475.15603963220053,MIROC6|used,2018,2054
345.4754830294995,1215.8630444468613,285.5527064273963,344.9548229593211,MIROC6|used,2018,2054
275.44349659156467,905.361659957597,626.16459088699,379.23956620341045,MIROC6|used,2019,2055
264.4133782285094,853.3557843721101,318.7135384648403,381.1094863445957,MIROC6|used,2019,2055
269.7065535128431,953.9057282180885,182.34253155500815,382.7290932496622,MIROC6|used,2019,2055
267.5966053313426,940.2605997251236,372.95728273279275,355.392571309721,MIROC6|used,2019,2055
293.3748991333965,911.0923782472552,133.51820979043305,346.3748515328335,MIROC6|used,2019,2055
248.3047763425944,1000.3409838716099,676.9968375278181,327.2876485636166,MIROC6|used,2019,2055
237.38037392017642,726.3079503370128,352.82912969958744,329.72656382118606,MIROC6|used,2019,2055
277.8148724623873,775.7803049027606,209.5276190679451,464.81689708668887,MIROC6|used,2019,2055
221.73918888667905,831.1342215286664,205.88148957530055,409.3176862604486,MIROC6|used,2019,2055
246.5517657386462,670.2533275098615,244.56897748979162,320.2670968226729,MIROC6|used,2019,2055
324.43408289402754,957.3217769241693,264.3274187076946,312.4630745453205,MIROC6|used,2020,2056
311.54117239817134,1144.7375931315448,279.5993306981677,329.0520121141781,MIROC6|used,2020,2056
289.6707008736601,1563.9384610114153,231.7426226577598,386.434385357297,MIROC6|used,2020,2056
381.97111362613487,1001.5070425965334,227.68126677542253,347.7055221303814,MIROC6|used,2020,2056
247.7343217655418,858.8731502374694,405.4166310312871,598.0597368271693,MIROC6|used,2020,2056
383.50288296109545,965.9921335827084,527.8852206261358,316.9319802053546,MIROC6|used,2021,2057
333.3887116402981,908.2427377946995,430.6599848055314,346.8080613102698,MIROC6|used,2021,2057
433.57193563765554,692.7442450846066,427.5440122936339,325.49520625317297,MIROC6|used,2021,2057
212.56342876107294,881.7549667475162,121.12266043073691,298.5552594672771,MIROC6|used,2021,2057
254.0344659329547,1144.0521589143802,161.6621791138519,495.48687768803995,MIROC6|used,2021,2057
260.80422195416446,854.8662693904316,445.47526253472535,277.7432915123546,MIROC6|used,2021,2057
274.0450337094415,1221.2194618064116,116.14103155506245,404.51411224683943,MIROC6|used,2021,2057
329.8053519806551,979.6585675835998,394.6555546296162,349.1165342716673,MIROC6|used,2021,2057
346.4759385340909,731.178189854649,352.4897479825499,442.74876003074,MIROC6|used,2021,2057
202.64412992999962,639.8867917061788,220.11639489786103,289.00456927294965,MIROC6|used,2021,2057
260.87580470695116,994.2565078306793,295.2086922858119,418.17209057809123,MIROC6|used,2022,2058
337.8553637314641,857.0928233475078,210.58411326970244,381.9716522661989,MIROC6|used,2022,2058
308.5459643888022,781.1506904720617,358.1334764564353,308.3587188405802,MIROC6|used,2022,2058
254.53980930950715,948.4042245786885,315.597898474593,258.3150420343557,MIROC6|used,2022,2058
207.77796907741123,892.3227809579755,255.40611569507655,241.72156316149406,MIROC6|used,2022,2058
353.10556026186543,1251.659775649851,177.4047472154145,374.94938911604845,MIROC6|used,2022,2058
245.29663979671977,1110.5638796361334,291.98008175655065,386.03869966929636,MIROC6|used,2022,2058
278.8367589563545,929.6291104434132,520.269222449481,390.9428428472319,MIROC6|used,2022,2058
254.38031575657814,877.684252954285,92.23227566553899,340.2817901034935,MIROC6|used,2022,2058
204.52494791333385,1084.1907999700502,352.3163159174719,281.7601310700786,MIROC6|used,2023,2059
273.6373353787014,757.2663971410487,249.22156128342317,301.8526636483879,MIROC6|used,2023,2059
230.78484187545683,1019.4223951007291,331.4176097395204,305.4924841432564,MIROC6|used,2023,2059
405.3672184566693,696.7761110022866,428.0645384138207,287.3839047673577,MIROC6|used,2023,2059
205.75879024009706,1006.8837421795193,220.5344735705655,361.090544993596,MIROC6|used,2023,2059
327.47901809453697,810.399385141298,399.77589487675243,300.79955612357566,MIROC6|used,2023,2059
323.33724418689786,662.704787946941,367.46018842845587,250.11516429890162,MIROC6|used,2023,2059
262.1619441857237,1195.5656968436037,373.1361721635545,389.6918227063965,MIROC6|used2,2014,2050
208.00498209111,815.8207472260787,267.6686273362099,365.5151068433861,MIROC6|used2,2014,2050
318.68208010454606,968.8497640550938,603.5252565354051,266.80854713671624,MIROC6|used2,2014,2050
362.24235913928834,913.2247548489491,321.8145265666241,325.1468403919184,MIROC6|used2,2014,2050
281.280757438423,798.7183240416715,268.0255491759304,391.1832402758377,MIROC6|used2,2015,2051
305.12156749122374,914.3762144104512,184.4384065560026,313.04619808257786,MIROC6|used2,2015,2051
218.82912008366267,765.5165820220247,248.63744352190744,343.9673848060832,MIROC6|used2,2015,2051
261.91067162562877,800.6096364812074,263.82275672892223,450.9645940644372,MIROC6|used2,2015,2051
297.2809908959496,1092.5977649186761,216.8163333668896,428.6548586132033,MIROC6|used2,2015,2051
286.62828389235676,971.5322343133797,231.40490129304638,316.47020126904516,MIROC6|used2,2015,2051
293.9223840126433,1017.9549178256673,469.6487202356386,391.911282639066,MIROC6|used2,2015,2051
163.91307961965555,751.3124417916365,397.1197560507899,341.4414519307297,MIROC6|used2,2015,2051
282.9890698359633,802.2078939188469,209.12676725873413,278.46816909747423,MIROC6|used2,2015,2051
296.45306788866566,861.8906439210484,215.10417044330106,477.36241020508913,MIROC6|used2,2016,2052
241.0720211489406,878.0542095300884,196.24072293697012,301.62960400747556,MIROC6|used2,2016,2052
326.6442892175324,1409.454846190788,262.9587805187037,297.4094078937796,MIROC6|used2,2016,2052
273.79542382094235,679.8192397820322,345.48158593928474,386.5064706308826,MIROC6|used2,2016,2052
369.15952908989556,733.2406592909995,856.9355169122472,411.07276840418854,MIROC6|used2,2017,2053
317.51430788264264,1056.3269351887998,268.6791681183481,347.2131094283957,MIROC6|used2,2017,2053
275.10593966637833,1015.0656284766903,375.45134082692647,326.90155066324724,MIROC6|used2,2017,2053
292.230652705398,833.820708619028,203.37715824854575,347.484855179133,MIROC6|used2,2018,2054
271.79771994015215,1034.8319210738046,290.9145363165652,354.2061910749569,MIROC6|used2,2018,2054
327.76883851213233,951.1545674947031,229.49380817825113,263.83528870981246,MIROC6|used2,2018,2054
263.96308093120666,895.345219525069,174.31600578642522,366.1694690043171,MIROC6|used2,2018,2054
330.0671934191957,681.2415978769077,186.50633042860463,320.17295820628834,MIROC6|used2,2018,2054
368.7196498879693,950.5521713039454,325.6258197448727,277.27234030108,MIROC6|used2,2019,2055
266.0808652928759,1153.9191938782726,173.67373610589172,310.0630443018709,MIROC6|used2,2019,2055
226.48993310045174,1041.4350600808361,526.0034685889779,240.49776464834318,MIROC6|used2,2019,2055
272.2369980216985,835.0186041743419,406.23521900884697,318.6258394828572,MIROC6|used2,2019,2055
280.3689658373025,769.2336831029495,144.3068233526394,340.6653891794461,MIROC6|used2,2019,2055
315.0877972918149,748.3964772726724,384.92299636827136,346.18299986226356,MIROC6|used2,2020,2056
238.75828695840238,974.7595773370497,180.79922872577308,336.10976368891835,MIROC6|used2,2020,2056
241.54955858308918,855.7480552928849,303.2750874744421,372.28690712763,MIROC6|used2,2020,2056
258.7023936603231,1049.986158506187,246.50889918204513,407.5564049441731,MIROC6|used2,2020,2056
261.0435920258942,838.6070126962792,221.9854753360338,422.634816326838,MIROC6|used2,2021,2057
225.6724638831107,902.6666954525281,218.39175282946684,502.06832336457416,MIROC6|used2,2021,2057
292.56549674280274,712.5686636548655,195.3175294492999,449.10320497239644,MIROC6|used2,2021,2057
228.3835061439432,559.9449925549114,406.0000304540267,394.5093279678358,MIROC6|used2,2021,2057
249.0630507891977,1087.4471611060364,210.70460806789663,400.9980512886658,MIROC6|used2,2021,2057
315.5362928507857,887.7140610091567,230.4991112759158,339.9887188289241,MIROC6|used2,2021,2057
259.0781304665592,867.3912460087349,126.04899024435767,285.6312154198895,MIROC6|used2,2021,2057
295.39500394878604,756.6100491411435,376.48069650659386,337.17842722699527,MIROC6|used2,2022,2058
210.6392513129193,1166.4660463830644,360.3592914423031,351.06786522153084,MIROC6|used2,2022,2058
240.1367194816213,903.5444796915043,206.43744481876954,400.26308413961135,MIROC6|used2,2022,2058
279.8841593343999,814.921292468849,368.5176667050379,312.0794225655361,MIROC6|used2,2022,2058
195.73048721352382,868.6453969074144,454.50822247707083,321.8244935661907,MIROC6|used2,2022,2058
343.1200634554498,677.4839932049014,156.21568135227153,326.2621279861571,MIROC6|used2,2022,2058
278.00709381643594,812.0812364482722,334.80586769710146,373.70942017163696,MIROC6|used2,2023,2059
245.69715824019195,777.5428855993464,127.42588166276613,301.3216320953651,MIROC6|used2,2023,2059
261.60711850872525,934.6008557406633,301.6052769775316,354.9558720720654,MIROC6|used2,2023,2059
314.8678247917494,938.0569621702842,251.78469436813504,429.0919556163252,MIROC6|used2,2023,2059
301.9485855768707,961.3450821537384,281.2475335868934,439.9828025365999,MIROC6|used3,2014,2050
250.58150001658137,749.7148778885769,266.28493842096265,342.80560457749505,MIROC6|used3,2014,2050
253.3065573711516,680.9294583550983,503.4167401791151,383.75397523449277,MIROC6|used3,2014,2050
248.2420327131654,1070.4848933524459,153.60455757466428,398.41785648435217,MIROC6|used3,2014,2050
295.652969896479,1043.767663696216,534.4313966998017,322.38779464438926,MIROC6|used3,2014,2050
283.74883740796895,864.0446590798911,330.29774795849164,370.88419919935944,MIROC6|used3,2015,2051
322.11939564606405,980.0184937997641,550.867568613995,270.5343600434163,MIROC6|used3,2015,2051
300.18134036160876,1111.985799289587,545.8719582235265,406.1114733174875,MIROC6|used3,2015,2051
360.6985706604725,1074.8635924177413,339.45132908417753,390.71043644997616,MIROC6|used3,2015,2051
240.26594994753933,889.6117326732143,218.93848469589338,284.76285417006966,MIROC6|used3,2015,2051
206.13189981510058,833.2695991280241,242.99777473579604,403.2319148315229,MIROC6|used3,2015,2051
247.64614661389135,870.4731552765661,158.85878613369255,404.2976246891464,MIROC6|used3,2015,2051
312.47472210365356,988.8051817774019,580.6437397238738,309.8563242996529,MIROC6|used3,2015,2051
194.20653014992988,1089.983498599454,262.7292027460812,329.3436942548916,MIROC6|used3,2016,2052
235.5558945877043,741.5935940713459,418.8130525321983,323.01910322903973,MIROC6|used3,2016,2052
171.42379851912239,687.4039231350044,165.5242797022801,287.12630464660606,MIROC6|used3,2016,2052
265.25694307711285,941.9758322668982,379.64102342766205,301.0660801480138,MIROC6|used3,2016,2052
215.02105848248866,683.7366682778875,286.0950475520355,321.5634619505992,MIROC6|used3,2016,2052
326.7946145638213,701.160537749397,703.3280874505266,304.6695127997222,MIROC6|used3,2016,2052
297.7551513872339,930.9173702168297,531.241007635002,381.21902840213187,MIROC6|used3,2016,2052
297.62295516252,792.1918476109381,223.2799011137508,367.7502352702973,MIROC6|used3,2016,2052
334.74439772342123,692.0940080803434,402.6950330488314,289.55815665601233,MIROC6|used3,2016,2052
263.32683208921287,778.5948660941967,242.28194173123262,392.8637435994794,MIROC6|used3,2016,2052
266.29972024810945,838.8422575740541,256.5317223513042,397.47586873322695,MIROC6|used3,2017,2053
261.1721852221195,873.7742989590844,474.4485883293894,403.9907844912174,MIROC6|used3,2017,2053
373.1974104035982,858.0779462608141,239.36013583447502,377.25711519881366,MIROC6|used3,2017,2053
304.00664053504414,694.9738140483805,181.27158513017895,362.4613697327806,MIROC6|used3,2017,2053
294.6488767223827,709.9808995473257,920.9114695310718,390.2450888786738,MIROC6|used3,2017,2053
330.8151605974483,958.1629375300746,259.68967987210993,351.76507989272017,MIROC6|used3,2017,2053
321.63503003039807,1122.11162312912,572.5132172958794,374.28666567038147,MIROC6|used3,2017,2053
313.3121523458632,837.600298604945,355.4864273052107,353.2116841620102,MIROC6|used3,2017,2053
258.1410023642619,738.1724573429861,245.52199049931696,395.0097929876904,MIROC6|used3,2017,2053
220.62139531922685,1123.522662877089,362.93369546122017,431.4091185725295,MIROC6|used3,2017,2053
318.1843662594483,876.4569730821999,320.156655696024,231.7079881492519,MIROC6|used3,2017,2053
229.14484677669827,1277.3625951735687,250.6597126043277,408.3145214007256,MIROC6|used3,2017,2053
332.3933053000916,859.5395033792158,259.29802384208466,450.1887436206341,MIROC6|used3,2017,2053
201.39910206964578,1263.8835619763618,163.8211863006056,312.310091981657,MIROC6|used3,2017,2053
306.8215061799986,1000.0316409432653,193.06077121412028,490.022548474316,MIROC6|used3,2017,2053
247.0394059905106,923.7796864258636,216.37257965824912,311.7228344190983,MIROC6|used3,2018,2054
290.47257253422276,738.8114149715644,419.5113969773314,402.31621874469835,MIROC6|used3,2018,2054
283.36006593318535,747.3272722272219,371.1789676828882,334.0780955149772,MIROC6|used3,2018,2054
331.2519002564177,640.6366330249624,298.1414797570931,219.68902222857224,MIROC6|used3,2018,2054
450.7053640174359,927.5994193793622,265.79487520046183,473.17741001245656,MIROC6|used3,2018,2054
325.0391020884411,1040.1569457756789,414.17125416308545,356.72225503510083,MIROC6|used3,2018,2054
333.7573099292885,786.6508843749123,326.3433132252298,301.93497752644413,MIROC6|used3,2018,2054
306.8951211705941,903.7247436486964,219.1186076980199,264.6319348165422,MIROC6|used3,2018,2054
233.25792984392854,812.4928401371309,218.09048751470857,369.47631085192927,MIROC6|used3,2018,2054
311.66882998355726,883.249624031349,330.01558508190726,251.5442253627805,MIROC6|used3,2018,2054
295.8763580654587,1063.1043835910757,287.68623303695557,507.15396718522396,MIROC6|used3,2019,2055
300.80034393781426,885.6524072452762,240.26086476121276,350.08730815440106,MIROC6|used3,2019,2055
337.31534094350104,828.3487920746206,201.6332804396612,430.84853673207687,MIROC6|used3,2019,2055
199.68861784409725,813.5816120343566,178.02278692974872,438.28112454625807,MIROC6|used3,2019,2055
326.2075735932363,1104.1760287849315,167.26852351025025,314.4993164613647,MIROC6|used3,2019,2055
352.46166884639564,1045.4078634564646,125.12513509302008,385.56028713596106,MIROC6|used3,2019,2055
380.8938433600292,840.29091869683,350.09694074111536,365.7219199069701,MIROC6|used3,2019,2055
196.54455900873924,796.5835721921794,225.588117538296,387.0347264629122,MIROC6|used3,2020,2056
256.38528806041586,1073.1298799358133,262.0791491153446,447.87751155337196,MIROC6|used3,2020,2056
257.3807079026502,1009.7831189203545,349.47577685992894,370.49147448921195,MIROC6|used3,2020,2056
383.6891275819122,754.3448609001233,254.87655353198016,353.884768279468,MIROC6|used3,2020,2056
260.1391961643421,740.7842655715705,403.96862489491986,360.29879500889643,MIROC6|used3,2020,2056
236.92319080419566,911.7813891404483,660.5899426010101,302.6556520866481,MIROC6|used3,2020,2056
270.3532032103534,891.1250538400973,106.99592586734532,360.5301885763846,MIROC6|used3,2020,2056
303.6645478374899,1050.7864591418886,466.385429903129,500.48581051955904,MIROC6|used3,2020,2056
246.12545837707643,816.6774608535892,206.89146163819177,373.9422728853805,MIROC6|used3,2021,2057
315.10057535665044,829.1254805411783,430.3856787628795,350.4451763875921,MIROC6|used3,2021,2057
312.859872145895,1257.9699854036403,497.3311453430836,384.0991143756417,MIROC6|used3,2021,2057
196.97073030761206,670.6641246783618,410.69657521484027,342.9869139444741,MIROC6|used3,2021,2057
374.374178949993,1363.8597965761069,254.67708228538956,400.6169350034201,MIROC6|used3,2021,2057
202.06745241276468,862.6120042910628,225.11670405021275,313.74890962395847,MIROC6|used3,2021,2057
263.5300087044258,1103.204417506383,265.49307737597064,294.62603512724024,MIROC6|used3,2021,2057
252.8789917314777,886.0573163369481,169.87350511250523,413.2245398441898,MIROC6|used3,2021,2057
293.67016656333504,788.597638728762,383.57620561899927,253.702152239516,MIROC6|used3,2021,2057
244.2566935081253,922.7343959925705,108.42345083823027,248.77540787208906,MIROC6|used3,2021,2057
277.6441460716918,932.4271582290746,287.1755126599613,318.0071629130759,MIROC6|used3,2022,2058
308.70833678848356,972.5514356573373,215.21950192228473,350.6601975819681,MIROC6|used3,2022,2058
274.81761518965544,1037.386148501356,441.86673795223766,503.7268379622193,MIROC6|used3,2022,2058
233.4180981502259,718.996036001579,274.1092677182619,345.3098989602818,MIROC6|used3,2022,2058
373.0279638696875,798.2443379465694,359.36895551734506,366.8276605358802,MIROC6|used3,2022,2058
294.4644098336389,719.8654825237867,453.0186997037076,419.4185060497013,MIROC6|used3,2022,2058
299.30943914628546,880.3238154585658,265.2993928756628,375.1025379303977,MIROC6|used3,2023,2059
294.3460351385213,1096.9018905829985,362.4520923017927,417.7207951392319,MIROC6|used3,2023,2059
307.1727930245686,776.5177648089527,359.011701561924,430.4412238848693,MIROC6|used3,2023,2059
275.8757180410043,730.493385437455,355.0969995570725,230.94368956002808,MIROC6|used3,2023,2059
280.6849418198342,927.9613966526947,255.08356915276022,298.0239025411779,MIROC6|used3,2023,2059
356.5251976880175,941.3513634709432,488.6215672105806,364.3160103297739,MIROC6|used3,2023,2059
330.3433755085317,874.5223058400657,190.00931895726137,328.119262536557,MIROC6|used3,2023,2059
235.35387212069014,946.1644866418843,238.89751838731394,283.0313632600519,MIROC6|used3,2023,2059
281.39895704091936,904.8000606782601,121.94910305803258,452.329660874404,MIROC6|used3,2023,2059
227.26913684110588,1073.2725361850357,164.90412223486445,305.85218193782333,MIROC6|used3,2023,2059
229.36450234650763,789.9476742138283,814.9017376802885,309.24646928211683,MIROC6|used3,2023,2059
473.15323362477,1324.9442918859445,252.02616489855703,370.16125208395516,MIROC6|used3,2023,2059
370.5225302754409,996.9677489505111,471.6708530424273,299.4064333627636,MIROC6|used3,2023,2059
353.20663221674863,921.2170620875486,251.60260161666693,215.16208950515755,MPI-ESM1-2-HR|used,2014,2050
419.5708999975171,718.3504412697904,276.2022088038486,539.7049168545632,MPI-ESM1-2-HR|used,2014,2050
234.35803624729076,695.938150072456,331.0131505215844,389.5510558646745,MPI-ESM1-2-HR|used,2014,2050
341.7925386481832,854.0637191177476,325.38811984152187,268.9010030633383,MPI-ESM1-2-HR|used,2014,2050
310.6997760044242,958.0141488571447,227.41896539564462,311.19219884586226,MPI-ESM1-2-HR|used,2014,2050
353.97231158610526,746.6049034957746,356.379296095919,339.76506423170224,MPI-ESM1-2-HR|used,2014,2050
300.3075682986916,1146.1137880184433,205.4189844005235,306.04615769843207,MPI-ESM1-2-HR|used,2014,2050
379.8076106497847,783.554455246039,263.4443043974652,300.2436328846717,MPI-ESM1-2-HR|used,2015,2051
219.4725404869922,933.3670231783099,370.66950991231323,361.72992083959264,MPI-ESM1-2-HR|used,2015,2051
285.72722438747655,823.6557236292749,322.18456376344534,365.38306432330836,MPI-ESM1-2-HR|used,2015,2051
255.9454996384143,884.1996980963027,724.08317190677,272.0852394212618,MPI-ESM1-2-HR|used,2016,2052
267.0104911187522,705.8949385020001,380.2328105098945,330.83040417082333,MPI-ESM1-2-HR|used,2016,2052
300.524359302494,813.0287456380049,202.1256272119917,330.2925802889814,MPI-ESM1-2-HR|used,2016,2052
246.74799613693182,894.8582796046597,225.93769955392005,410.0500504484888,MPI-ESM1-2-HR|used,2016,2052
251.87179559067928,830.2328062220275,290.3448753319641,414.49504555204675,MPI-ESM1-2-HR|used,2016,2052
148.03975350808363,1076.0128437117526,583.3280167328802,329.9083812750687,MPI-ESM1-2-HR|used,2016,2052
293.2445757692548,865.2177762289302,294.9934482613576,260.34616378704476,MPI-ESM1-2-HR|used,2016,2052
344.8012509063321,1091.2102059612432,489.79315507881,265.9872587538855,MPI-ESM1-2-HR|used,2016,2052
212.96701398978695,785.9040667697833,228.42063952397595,264.0900693748571,MPI-ESM1-2-HR|used,2016,2052
303.94307490931567,1072.121705722864,251.15491005190933,236.93180489830917,MPI-ESM1-2-HR|used,2017,2053
310.46069143958084,745.4466383270596,310.87451941941055,362.1885227224839,MPI-ESM1-2-HR|used,2017,2053
278.433895949444,630.679846174705,236.93897086778605,317.6862460890052,MPI-ESM1-2-HR|used,2017,2053
310.55876605947185,871.1974215110309,257.3320666390431,381.81477587768245,MPI-ESM1-2-HR|used,2017,2053
390.45713720497344,832.4085023515782,123.29327509831923,345.90792956436627,MPI-ESM1-2-HR|used,2017,2053
325.3329576619402,724.7627232756599,178.91186451205,487.3938656373645,MPI-ESM1-2-HR|used,2018,2054
217.72732756059517,1141.1140387659773,407.52500815582755,506.88718453191535,MPI-ESM1-2-HR|used,2018,2054
249.30653046278104,767.4554774416172,295.9761083192603,387.96668287539813,MPI-ESM1-2-HR|used,2018,2054
283.6994096754421,774.4122884343087,325.11829000006725,449.91093738268404,MPI-ESM1-2-HR|used,2018,2054
324.82359950743495,852.3322672577808,174.59961990728726,255.18213063189125,MPI-ESM1-2-HR|used,2018,2054
298.029043880231,1317.7594272636363,279.9718850642011,354.1152421753671,MPI-ESM1-2-HR|used,2018,2054
262.34757434944953,900.5643313411891,194.85697498229817,333.4970061872604,MPI-ESM1-2-HR|used,2018,2054
242.1959803625147,1063.8440094029186,378.18493015194133,452.49115283762785,MPI-ESM1-2-HR|used,2018,2054
354.3981334395444,861.9985710681458,156.99115037931546,391.50380689284094,MPI-ESM1-2-HR|used,2018,2054
250.15296940908885,789.0493698933909,314.869401361562,431.5829799238413,MPI-ESM1-2-HR|used,2018,2054
221.20992794280352,1184.0666620879954,364.22102555339,388.9951390234551,MPI-ESM1-2-HR|used,2018,2054
290.9408494412972,1113.7407453011267,299.898527724251,363.79218465635927,MPI-ESM1-2-HR|used,2019,2055
352.30435226118936,946.7086617431339,311.2834013030599,298.6895798731687,MPI-ESM1-2-HR|used,2019,2055
216.9697931942919,739.6811817159064,313.72315991987534,333.91755919465015,MPI-ESM1-2-HR|used,2019,2055
174.25644199904815,997.5042338241955,324.843798379633,310.8682394190617,MPI-ESM1-2-HR|used,2019,2055
234.86846658830558,1021.2321916217235,319.8871925886829,377.57912382948876,MPI-ESM1-2-HR|used,2019,2055
225.18757085034105,996.5571128256207,367.6377779680436,390.0061693679364,MPI-ESM1-2-HR|used,2019,2055
314.0051505843683,885.1137926057269,429.33527762550824,278.63100670164215,MPI-ESM1-2-HR|used,2019,2055
191.9934930192635,980.8056970227842,383.34110854879793,405.0052645430313,MPI-ESM1-2-HR|used,2019,2055
321.34214821096606,877.5030341444215,380.63833297525684,332.09888871308556,MPI-ESM1-2-HR|used,2020,2056
287.20320646206903,999.1149570810567,198.93403965657623,340.81707401489115,MPI-ESM1-2-HR|used,2020,2056
212.06497248762372,1187.156978544325,266.85055901855463,427.68452987312224,MPI-ESM1-2-HR|used,2020,2056
301.4523836295483,907.1852475888186,348.2423750435192,441.71344959888233,MPI-ESM1-2-HR|used,2020,2056
429.562215416961,897.3307215820957,147.05897061249115,355.9059772720196,MPI-ESM1-2-HR|used,2020,2056
226.98094407449815,1083.204339537875,387.0214434122985,327.6488009685203,MPI-ESM1-2-HR|used,2021,2057
230.51598198425995,998.4304204251373,277.5511194201862,309.7833837173195,MPI-ESM1-2-HR|used,2021,2057
267.4493990797964,917.917828306016,317.53244568105896,292.8368577809442,MPI-ESM1-2-HR|used,2021,2057
214.61112508643367,856.2974737029118,233.75631396752456,317.33162301376245,MPI-ESM1-2-HR|used,2021,2057
209.62019072982298,960.2150601135166,273.822604039782,395.89324826803903,MPI-ESM1-2-HR|used,2021,2057
245.344064575559,752.0726880116158,354.7938923097088,333.32021997502915,MPI-ESM1-2-HR|used,2021,2057
231.62718582923617,794.7709285877678,289.75046779596977,354.32278405037727,MPI-ESM1-2-HR|used,2022,2058
277.168270179547,890.4458285008345,158.83107540762185,239.45770779403264,MPI-ESM1-2-HR|used,2022,2058
240.4359939411288,1248.1794502344285,511.10941455125135,284.306299878009,MPI-ESM1-2-HR|used,2022,2058
320.55223181171675,721.6849061169438,485.02044710059624,274.4048145733834,MPI-ESM1-2-HR|used,2022,2058
216.03493278189273,939.2153204854975,207.10999162563567,380.07443514276963,MPI-ESM1-2-HR|used,2022,2058
284.62583851852077,1035.228615876326,320.91903917512417,224.23886531541478,MPI-ESM1-2-HR|used,2022,2058
232.10833061116557,1014.7157228365775,208.0695527641637,368.52192785748673,MPI-ESM1-2-HR|used,2022,2058
203.52951050858462,942.7634092869093,365.31579748473683,342.01493957267184,MPI-ESM1-2-HR|used,2022,2058
411.4012547996945,783.8523957114957,199.3083754309295,375.52780454219555,MPI-ESM1-2-HR|used,2022,2058
268.0181839415407,1033.497936162711,345.9631319768006,358.29310319534335,MPI-ESM1-2-HR|used,2023,2059
195.2259478664136,847.8769854972519,324.0795949349739,290.16456038063114,MPI-ESM1-2-HR|used,2023,2059
253.74431593651485,1086.261161545458,147.6603090954681,410.65482369837787,MPI-ESM1-2-HR|used,2023,2059
285.8788900794,995.857602088723,292.49937970380404,302.47079249313344,MPI-ESM1-2-HR|used,2023,2059
319.5657328999959,956.6887554992264,139.75029423307925,377.0580176454705,MPI-ESM1-2-HR|used,2023,2059
283.4916642183155,1125.8886247961677,97.77459292424899,364.3984889044827,MPI-ESM1-2-HR|used,2023,2059
324.67706837525134,990.1219267516623,238.21541367788072,261.9096517243915,MPI-ESM1-2-HR|used2,2014,2050
226.15498747751042,760.5592704941125,172.2016271512575,323.56343358567784,MPI-ESM1-2-HR|used2,2014,2050
232.7266626941646,1001.094654028445,629.7215138572025,369.96775605698235,MPI-ESM1-2-HR|used2,2014,2050
262.7755231614555,943.9667970188154,133.5781040785472,411.6586050822972,MPI-ESM1-2-HR|used2,2014,2050
254.69843966358735,928.1398257629568,341.5856828234962,361.82388136320156,MPI-ESM1-2-HR|used2,2014,2050
295.00882013383426,1138.6892246712048,228.63527893227567,374.541644881039,MPI-ESM1-2-HR|used2,2014,2050
347.98116421439096,935.9661633408821,198.16981355412173,261.25881238766146,MPI-ESM1-2-HR|used2,2015,2051
344.9278569467151,976.6826165571334,393.17451079309814,313.5342947569049,MPI-ESM1-2-HR|used2,2015,2051
267.71946392547864,759.5439360378274,508.1263373363995,436.34178817755287,MPI-ESM1-2-HR|used2,2015,2051
272.5090642948155,830.6163735755135,77.12385410643482,282.477385092664,MPI-ESM1-2-HR|used2,2015,2051
260.6244919145689,907.8380434039301,453.31937061368205,351.5867171402124,MPI-ESM1-2-HR|used2,2015,2051
237.7678069074752,869.153856027899,271.37134621738414,325.57223785932547,MPI-ESM1-2-HR|used2,2015,2051
286.476106344186,818.2067105891472,171.97213550810088,403.3379443740415,MPI-ESM1-2-HR|used2,2015,2051
261.23053912028143,797.3840511162787,344.6223209642482,285.3468294005106,MPI-ESM1-2-HR|used2,2015,2051
362.82294983641657,986.7422789683234,181.82653520442207,326.6102686989126,MPI-ESM1-2-HR|used2,2015,2051
269.94527798978527,809.775714848652,413.2660627713642,423.8366385931211,MPI-ESM1-2-HR|used2,2016,2052
323.85533450818355,808.7817783554008,350.7656014014574,362.9731006378917,MPI-ESM1-2-HR|used2,2016,2052
394.9683898497293,1020.1964984493178,137.78895642275847,267.5756800287888,MPI-ESM1-2-HR|used2,2016,2052
283.96253424677565,928.9197587164001,683.2722700252332,386.810486558201,MPI-ESM1-2-HR|used2,2016,2052
376.15007073491563,840.3350233223954,183.6809739209473,391.3314567293093,MPI-ESM1-2-HR|used2,2016,2052
234.05675921245344,893.1607284475622,343.57183053081656,276.1460052339337,MPI-ESM1-2-HR|used2,2017,2053
273.0611492558787,815.2854080950892,412.47002462214056,322.65304460754066,MPI-ESM1-2-HR|used2,2017,2053
215.15845860491356,753.2767637731476,310.6338265943099,380.38975023563773,MPI-ESM1-2-HR|used2,2017,2053
327.0756274674007,773.6294198931278,264.03053072809394,356.863060077465,MPI-ESM1-2-HR|used2,2017,2053
224.54256546323487,1139.9884971666602,274.5726450401783,338.39875758999284,MPI-ESM1-2-HR|used2,2018,2054
313.04488784227493,1202.981192983357,340.3589978540175,516.2429453640203,MPI-ESM1-2-HR|used2,2018,2054
224.09214669813107,609.2800213325584,763.2283211848184,308.07317479621935,MPI-ESM1-2-HR|used2,2018,2054
247.17548514181001,1071.4417338509243,308.15951352391266,282.0280950501653,MPI-ESM1-2-HR|used2,2018,2054
218.98357119014852,889.0527589957036,309.0837716768426,287.6004701450108,MPI-ESM1-2-HR|used2,2018,2054
211.6232867647182,964.9180663315407,335.1765108812962,285.13475392708665,MPI-ESM1-2-HR|used2,2018,2054
341.4033218238018,637.1721170196494,300.543991780433,385.1979896592141,MPI-ESM1-2-HR|used2,2019,2055
228.62486118490176,1012.641549154001,314.40405525807085,442.9282067841232,MPI-ESM1-2-HR|used2,2019,2055
314.0900929709181,813.7211057928725,506.45707193981934,357.553136527713,MPI-ESM1-2-HR|used2,2019,2055
440.8136556171926,915.3267576617773,459.24821193375055,348.7868106997463,MPI-ESM1-2-HR|used2,2019,2055
264.3067006378223,801.4030383671629,141.3300254427468,288.25667328785096,MPI-ESM1-2-HR|used2,2019,2055
288.0701226347079,1005.0030839145969,423.19331778849454,226.77510300469112,MPI-ESM1-2-HR|used2,2019,2055
221.8888213545942,849.7750426427141,247.9984245850254,371.96832502848645,MPI-ESM1-2-HR|used2,2019,2055
285.56230565529984,711.926130695349,219.8850465015662,274.92848582509475,MPI-ESM1-2-HR|used2,2019,2055
375.4577586158161,771.3904704549329,382.4271033136246,421.1465611501497,MPI-ESM1-2-HR|used2,2020,2056
278.3069122861439,775.9385967710454,131.12423627188303,405.40238580670456,MPI-ESM1-2-HR|used2,2020,2056
276.5296087911004,817.8533519522339,207.30195056362086,352.1122082775917,MPI-ESM1-2-HR|used2,2020,2056
266.51531964341,826.2452145161941,350.97981719324514,373.5944340857952,MPI-ESM1-2-HR|used2,2020,2056
298.7038037550908,1030.2552714450753,211.47083672787954,388.4856529575374,MPI-ESM1-2-HR|used2,2020,2056
309.9033922520354,865.5256098792802,339.8697783960233,387.6124497416538,MPI-ESM1-2-HR|used2,2020,2056
305.64119702524204,990.353264456942,333.4502580259516,335.8168065011142,MPI-ESM1-2-HR|used2,2020,2056
259.21684114213343,1066.354829289044,203.08857082668538,364.1838455902831,MPI-ESM1-2-HR|used2,2020,2056
304.83166670376227,634.626423757002,386.1711205831352,257.0872135220031,MPI-ESM1-2-HR|used2,2021,2057
262.5856300531195,1210.479937521158,342.47959098376833,397.60773236659526,MPI-ESM1-2-HR|used2,2021,2057
265.66853941771154,1218.4892509404478,115.26887515398022,373.3148164764462,MPI-ESM1-2-HR|used2,2021,2057
234.73202042822302,860.1213358223727,197.74671149296785,445.04693105346047,MPI-ESM1-2-HR|used2,2022,2058
315.70502396419664,921.5968297231275,297.22405510852144,323.86141139181,MPI-ESM1-2-HR|used2,2022,2058
244.97055124646846,744.1567136461372,217.20657265963806,331.3537930303419,MPI-ESM1-2-HR|used2,2022,2058
229.79490139840982,1030.7003459609225,178.54165619648535,531.0725279305914,MPI-ESM1-2-HR|used2,2022,2058
371.55070100613494,969.8403652097963,320.64612949523575,461.17291299587407,MPI-ESM1-2-HR|used2,2022,2058
333.460028605373,1028.948245354245,754.046911582922,393.7644101675548,MPI-ESM1-2-HR|used2,2022,2058
220.86908429844698,757.5507913561703,415.77081282930305,314.80186730893297,MPI-ESM1-2-HR|used2,2022,2058
299.19302004867313,953.4226554273383,309.64505593713017,353.1199694211705,MPI-ESM1-2-HR|used2,2022,2058
301.0202326042548,675.1394784308407,385.53908148937575,296.54630012630616,MPI-ESM1-2-HR|used2,2022,2058
312.69851931020673,868.0067516185925,494.39959469962787,368.8599502159243,MPI-ESM1-2-HR|used2,2022,2058
318.5953616077643,909.0227396653921,149.68579696244691,280.78620535583303,MPI-ESM1-2-HR|used2,2022,2058
320.75894690859946,992.4193164359009,169.3353186163785,381.7477135638014,MPI-ESM1-2-HR|used2,2023,2059
274.4054594803566,876.1020961894848,421.4875139340322,420.0940253661694,MPI-ESM1-2-HR|used2,2023,2059
264.8914084498437,980.3950660502874,295.5652330423918,356.0593156394591,MPI-ESM1-2-HR|used2,2023,2059
292.7098845846252,708.7444350164046,574.5657393690784,397.22963250965773,MPI-ESM1-2-HR|used2,2023,2059
281.8563537651935,1278.6524444706988,276.77421227849464,289.8995079291301,MPI-ESM1-2-HR|used2,2023,2059
180.91470811480778,849.3654275187419,272.0972197861457,447.04849321901554,MPI-ESM1-2-HR|used2,2023,2059
228.07515992574403,807.4832337346967,183.38249533871087,468.6028386655358,MPI-ESM1-2-HR|used2,2023,2059
274.5591529764087,985.2324885868147,563.5999712789362,254.805109842622,MPI-ESM1-2-HR|used2,2023,2059
258.4970373109947,782.3922860034295,296.143395150714,403.6628882620058,MPI-ESM1-2-HR|used2,2023,2059
320.0751306419205,1192.9754455503135,276.56077825246604,405.8879407035319,MPI-ESM1-2-HR|used2,2023,2059
218.28006863770946,1109.4355732594936,397.69995835232186,298.41834313593523,MPI-ESM1-2-HR|used2,2023,2059
251.23167658940847,781.4649758435091,197.08723863700405,337.6696399607125,MPI-ESM1-2-HR|used2,2023,2059
